Team,xG,xGA,xGD,Open Play xG,Open Play xGA,Open Play xGD,Set Piece xG,Set Piece xGA,Set Piece xGD,npxG,npxGA,npxGD,Goals,Goals Conceded,GD,GD-xGD,Possession,Field Tilt,Avg Pass Height,xT,xT Against,Passes in Opposition Half,Passes into Box,Shots,Shots Faced,Shots per 1.0 xT,Shots Faced per 1.0 xT Against,PPDA,High Recoveries,High Recoveries Against,Crosses,Corners,Fouls,On-Ball Pressure,On-Ball Pressure Share,Off-Ball Pressure,Off-Ball Pressure Share,Game Control,Game Control Share,Throw-Ins into the Box,Match,Date
Perth Glory,1.18,4.37,-3.19,0.82,4.15,-3.33,0.36,0.22,0.14,1.18,4.37,-3.19,1,4,-3,0.19,50.10,48.12,47.27,0.44,1.01,229,9,13,22,29.55,21.78,13.90,5,11,14,3,11,86.4,39.91,33.73,37.48,56.9,21.32,0,Western Sydney Wanderers 4-1 Perth Glory,2025-03-02
Western Sydney Wanderers,4.37,1.18,3.19,4.15,0.82,3.33,0.22,0.36,-0.14,4.37,1.18,3.19,4,1,3,-0.19,49.90,51.88,47.85,1.01,0.44,216,20,22,13,21.78,29.55,12.06,11,5,18,7,7,130.1,60.09,56.27,62.52,210.02,78.68,0,Western Sydney Wanderers 4-1 Perth Glory,2025-03-02
Sydney,2.75,0.73,2.02,2.3,0.59,1.71,0.45,0.14,0.31,2.75,0.73,2.02,2,0,2,-0.02,57.1,55.21,48.5,0.85,0.22,266,14,26,6,30.59,27.27,7.55,10,10,13,6,9,188.8,79.53,28.33,23.03,150.83,74.12,0,Macarthur 0-2 Sydney,2025-03-01
Macarthur,0.73,2.75,-2.02,0.59,2.3,-1.71,0.14,0.45,-0.31,0.73,2.75,-2.02,0,2,-2,0.02,42.9,44.79,48.14,0.22,0.85,198,5,6,26,27.27,30.59,9.35,10,10,21,3,13,48.6,20.47,94.67,76.97,52.67,25.88,0,Macarthur 0-2 Sydney,2025-03-01
Melbourne Victory,1.04,1.92,-0.88,0.95,1.92,-0.97,0.09,0.0,0.09,1.04,1.92,-0.88,1,1,0,0.88,60.4,61.35,45.79,0.43,0.31,262,5,10,12,23.26,38.71,9.09,14,9,12,3,6,113.8,62.36,24.07,17.45,66.23,33.42,0,Brisbane Roar 1-1 Melbourne Victory,2025-03-01
Brisbane Roar,1.92,1.04,0.88,1.92,0.95,0.97,0.0,0.09,-0.09,1.92,1.04,0.88,1,1,0,-0.88,39.6,38.65,41.86,0.31,0.43,133,10,12,10,38.71,23.26,14.12,9,14,9,5,15,68.7,37.64,113.87,82.55,131.93,66.58,0,Brisbane Roar 1-1 Melbourne Victory,2025-03-01
Adelaide United,5.57,3.18,2.39,3.6,2.83,0.77,0.44,0.36,0.08,4.05,3.18,0.87,4,4,0,-2.39,56.4,53.62,46.66,0.38,0.91,218,9,18,17,47.37,18.68,8.05,9,10,23,6,10,119.0,55.5,9.4,11.15,77.17,34.19,2,Auckland 4-4 Adelaide United,2025-03-01
Auckland,3.18,5.57,-2.39,2.83,3.6,-0.77,0.36,0.44,-0.08,3.18,4.05,-0.87,4,4,0,2.39,43.6,46.38,50.38,0.91,0.38,202,13,17,18,18.68,47.37,11.79,10,9,20,1,11,95.4,44.5,74.87,88.85,148.53,65.81,6,Auckland 4-4 Adelaide United,2025-03-01
Western United,3.87,2.22,1.65,3.48,1.98,1.5,0.38,0.24,0.14,3.87,2.22,1.65,3,1,2,0.35,49.4,43.07,45.69,1.21,1.36,200,24,16,18,13.22,13.24,14.28,3,8,12,5,8,87.4,37.77,56.13,58.92,100.9,57.72,2,Central Coast Mariners 1-3 Western United,2025-02-28
Central Coast Mariners,2.22,3.87,-1.65,1.98,3.48,-1.5,0.24,0.38,-0.14,2.22,3.87,-1.65,1,3,-2,-0.35,50.6,56.93,50.03,1.36,1.21,264,20,18,16,13.24,13.22,11.97,8,3,25,10,7,144.0,62.23,39.13,41.08,73.9,42.28,0,Central Coast Mariners 1-3 Western United,2025-02-28
Melbourne City,2.38,0.6,1.78,2.31,0.6,1.71,0.08,0.0,0.08,2.38,0.6,1.78,1,0,1,-0.78,59.6,75.54,53.58,1.16,0.48,343,24,19,5,16.38,10.42,9.59,9,3,24,9,13,288.7,91.3,37.07,43.03,291.5,90.19,0,Wellington Phoenix 0-1 Melbourne City,2025-02-28
Wellington Phoenix,0.6,2.38,-1.78,0.6,2.31,-1.71,0.0,0.08,-0.08,0.6,2.38,-1.78,0,1,-1,0.78,40.4,24.46,36.42,0.48,1.16,100,7,5,19,10.42,16.38,20.84,3,9,5,1,5,27.5,8.7,49.07,56.97,31.7,9.81,0,Wellington Phoenix 0-1 Melbourne City,2025-02-28
Adelaide United,0.87,2.58,-1.71,0.79,1.33,-0.54,0.08,0.49,-0.41,0.87,1.82,-0.95,0,3,-3,-1.29,58.3,51.19,41.9,0.68,0.54,224,12,9,21,13.24,38.89,10.19,7,9,11,5,10,86.8,44.67,22.27,16.81,62.07,22.03,0,Western United 3-0 Adelaide United,2025-02-23
Western United,2.58,0.87,1.71,1.33,0.79,0.54,0.49,0.08,0.41,1.82,0.87,0.95,3,0,3,1.29,41.7,48.81,42.46,0.54,0.68,167,20,21,9,38.89,13.24,16.35,9,7,20,11,11,107.5,55.33,110.2,83.19,219.63,77.97,2,Western United 3-0 Adelaide United,2025-02-23
Sydney,1.99,1.56,0.43,1.37,1.53,-0.16,0.62,0.03,0.59,1.99,1.56,0.43,0,0,0,-0.43,59.8,63.3,52.18,0.47,0.69,339,11,18,10,38.3,14.49,9.29,10,13,17,9,12,196.3,80.55,43.73,30.4,146.73,73.01,0,Perth Glory 0-0 Sydney,2025-02-22
Perth Glory,1.56,1.99,-0.43,1.53,1.37,0.16,0.03,0.62,-0.59,1.56,1.99,-0.43,0,0,0,0.43,40.2,36.7,45.33,0.69,0.47,168,11,10,18,14.49,38.3,11.38,13,10,24,6,12,47.4,19.45,100.13,69.6,54.23,26.99,0,Perth Glory 0-0 Sydney,2025-02-22
Melbourne City,3.04,1.67,1.37,2.28,0.73,1.55,0.0,0.18,-0.18,2.28,0.91,1.37,2,2,0,-1.37,45.4,48.0,48.95,1.07,0.35,174,19,16,14,14.95,40.0,10.79,5,8,15,4,14,141.8,58.72,67.6,83.38,183.93,74.73,2,Melbourne Victory 2-2 Melbourne City,2025-02-22
Melbourne Victory,1.67,3.04,-1.37,0.73,2.28,-1.55,0.18,0.0,0.18,0.91,2.28,-1.37,2,2,0,1.37,54.6,52.0,45.49,0.35,1.07,189,6,14,16,40.0,14.95,7.94,8,5,13,5,11,99.7,41.28,13.47,16.62,62.2,25.27,0,Melbourne Victory 2-2 Melbourne City,2025-02-22
Western Sydney Wanderers,2.95,1.75,1.2,2.19,1.68,0.51,0.0,0.07,-0.07,2.19,1.75,0.44,4,0,4,2.8,55.8,55.93,45.14,0.34,0.83,195,9,15,14,44.12,16.87,10.0,5,3,11,4,14,105.7,61.67,30.47,36.13,123.07,73.59,1,Central Coast Mariners 0-4 Western Sydney Wanderers,2025-02-22
Central Coast Mariners,1.75,2.95,-1.2,1.68,2.19,-0.51,0.07,0.0,0.07,1.75,2.19,-0.44,0,4,-4,-2.8,44.2,44.07,44.21,0.83,0.34,169,9,14,15,16.87,44.12,12.93,3,5,24,8,11,65.7,38.33,53.87,63.87,44.17,26.41,1,Central Coast Mariners 0-4 Western Sydney Wanderers,2025-02-22
Wellington Phoenix,2.01,2.94,-0.93,1.86,2.15,-0.29,0.16,0.79,-0.63,2.01,2.94,-0.93,1,6,-5,-4.07,46.0,38.95,41.91,0.42,1.1,144,8,11,24,26.19,21.82,10.19,2,10,14,6,9,46.7,20.3,35.93,37.22,18.22,5.8,3,Auckland 6-1 Wellington Phoenix,2025-02-22
Auckland,2.94,2.01,0.93,2.15,1.86,0.29,0.79,0.16,0.63,2.94,2.01,0.93,6,1,5,4.07,54.0,61.05,53.78,1.1,0.42,255,22,24,11,21.82,26.19,6.91,10,2,27,7,17,183.3,79.7,60.6,62.78,295.97,94.2,4,Auckland 6-1 Wellington Phoenix,2025-02-22
Brisbane Roar,1.38,2.38,-1.0,1.38,2.34,-0.96,0.0,0.04,-0.04,1.38,2.38,-1.0,1,3,-2,-1.0,53.1,60.22,46.74,0.51,0.43,253,13,12,17,23.53,39.53,16.26,4,10,13,4,11,108.7,64.02,47.93,46.66,88.6,41.73,0,Newcastle Jets 3-1 Brisbane Roar,2025-02-21
Newcastle Jets,2.38,1.38,1.0,2.34,1.38,0.96,0.04,0.0,0.04,2.38,1.38,1.0,3,1,2,1.0,46.9,39.78,40.35,0.43,0.51,154,11,17,12,39.53,23.53,14.28,10,4,10,2,12,61.1,35.98,54.8,53.34,123.73,58.27,0,Newcastle Jets 3-1 Brisbane Roar,2025-02-21
Macarthur,2.88,2.45,0.43,2.04,2.38,-0.34,0.84,0.07,0.77,2.88,2.45,0.43,1,2,-1,-1.43,50.4,58.48,52.17,1.27,0.48,245,20,22,20,17.32,41.67,11.03,7,3,34,9,8,116.0,56.83,82.67,69.35,123.56,57.03,0,Western Sydney Wanderers 2-1 Macarthur,2025-02-16
Western Sydney Wanderers,2.45,2.88,-0.43,2.38,2.04,0.34,0.07,0.84,-0.77,2.45,2.88,-0.43,2,1,1,1.43,49.6,41.52,45.6,0.48,1.27,177,11,20,22,41.67,17.32,9.77,3,7,12,4,16,88.1,43.17,36.53,30.65,93.1,42.97,0,Western Sydney Wanderers 2-1 Macarthur,2025-02-16
Newcastle Jets,1.32,3.78,-2.46,1.0,3.36,-2.36,0.32,0.42,-0.1,1.32,3.78,-2.46,2,1,1,3.46,35.5,26.65,39.08,0.33,1.56,109,8,11,25,33.33,16.03,37.07,4,4,20,7,4,39.3,11.94,131.27,85.57,56.57,28.05,1,Adelaide United 1-2 Newcastle Jets,2025-02-15
Adelaide United,3.78,1.32,2.46,3.36,1.0,2.36,0.42,0.32,0.1,3.78,1.32,2.46,1,2,-1,-3.46,64.5,73.35,52.89,1.56,0.33,427,27,25,11,16.03,33.33,18.22,4,4,41,14,5,289.9,88.06,22.13,14.43,145.13,71.95,0,Adelaide United 1-2 Newcastle Jets,2025-02-15
Auckland,1.56,1.7,-0.14,1.39,1.19,0.2,0.17,0.5,-0.33,1.56,1.7,-0.14,2,0,2,2.14,37.4,37.9,47.34,0.21,0.7,185,7,11,10,52.38,14.29,10.87,9,10,17,3,9,36.8,21.26,104.13,90.19,123.23,65.77,3,Western United 0-2 Auckland,2025-02-15
Western United,1.7,1.56,0.14,1.19,1.39,-0.2,0.5,0.17,0.33,1.7,1.56,0.14,0,2,-2,-2.14,62.6,62.1,45.93,0.7,0.21,257,13,10,11,14.29,52.38,10.33,10,9,22,7,9,136.3,78.74,11.33,9.81,64.13,34.23,0,Western United 0-2 Auckland,2025-02-15
Perth Glory,0.59,1.99,-1.4,0.36,1.99,-1.63,0.23,0.0,0.23,0.59,1.99,-1.4,0,1,-1,0.4,41.0,35.37,40.57,0.1,0.48,126,6,7,16,70.0,33.33,15.04,6,9,14,5,9,31.2,15.09,70.8,83.69,49.43,22.4,1,Melbourne City 1-0 Perth Glory,2025-02-15
Melbourne City,1.99,0.59,1.4,1.99,0.36,1.63,0.0,0.23,-0.23,1.99,0.59,1.4,1,0,1,-0.4,59.0,64.63,49.4,0.48,0.1,265,12,16,7,33.33,70.0,9.91,9,6,14,2,7,175.5,84.91,13.8,16.31,171.23,77.6,0,Melbourne City 1-0 Perth Glory,2025-02-15
Wellington Phoenix,0.98,1.55,-0.57,0.98,1.55,-0.57,0.0,0.0,0.0,0.98,1.55,-0.57,0,1,-1,-0.43,43.7,29.97,37.3,0.4,0.76,113,9,4,16,10.0,21.05,12.16,5,7,9,2,10,28.7,12.73,24.8,23.32,8.23,3.14,4,Melbourne Victory 1-0 Wellington Phoenix,2025-02-14
Melbourne Victory,1.55,0.98,0.57,1.55,0.98,0.57,0.0,0.0,0.0,1.55,0.98,0.57,1,0,1,0.43,56.3,70.03,52.41,0.76,0.4,311,12,16,4,21.05,10.0,11.5,7,5,21,9,9,196.7,87.27,81.53,76.68,254.17,96.86,0,Melbourne Victory 1-0 Wellington Phoenix,2025-02-14
Western United,4.25,1.72,2.53,3.36,1.7,1.66,0.89,0.01,0.88,4.25,1.72,2.53,2,2,0,-2.53,49.3,36.86,41.46,1.06,0.8,152,14,19,13,17.92,16.25,19.15,5,3,17,5,7,73.9,38.55,42.2,35.82,70.7,36.88,0,Macarthur 2-2 Western United,2025-02-09
Macarthur,1.72,4.25,-2.53,1.7,3.36,-1.66,0.01,0.89,-0.88,1.72,4.25,-2.53,2,2,0,2.53,50.7,63.14,49.21,0.8,1.06,246,15,13,19,16.25,17.92,12.97,3,5,27,3,8,117.8,61.45,75.6,64.18,121.0,63.12,0,Macarthur 2-2 Western United,2025-02-09
Western Sydney Wanderers,3.14,2.28,0.86,2.88,1.42,1.46,0.27,0.86,-0.59,3.14,2.28,0.86,3,3,0,-0.86,36.1,30.27,46.02,0.52,1.0,131,13,18,21,34.62,21.0,9.54,6,12,16,6,16,75.8,26.38,91.73,85.36,84.83,34.41,1,Sydney 3-3 Western Sydney Wanderers,2025-02-08
Sydney,2.28,3.14,-0.86,1.42,2.88,-1.46,0.86,0.27,0.59,2.28,3.14,-0.86,3,3,0,0.86,63.9,69.73,56.28,1.0,0.52,343,23,21,18,21.0,34.62,6.94,12,6,32,10,7,211.5,73.62,15.73,14.64,161.7,65.59,0,Sydney 3-3 Western Sydney Wanderers,2025-02-08
Melbourne Victory,1.89,2.8,-0.91,1.84,1.83,0.01,0.05,0.21,-0.16,1.89,2.04,-0.15,0,3,-3,-2.09,55.8,69.55,53.59,0.6,0.73,320,22,18,10,30.0,13.7,11.61,8,5,17,4,8,230.2,79.52,35.2,34.13,186.77,75.41,0,Newcastle Jets 3-0 Melbourne Victory,2025-02-08
Newcastle Jets,2.8,1.89,0.91,1.83,1.84,-0.01,0.21,0.05,0.16,2.04,1.89,0.15,3,0,3,2.09,44.2,30.45,42.33,0.73,0.6,144,12,10,18,13.7,30.0,12.71,5,8,17,7,10,59.3,20.48,67.93,65.87,60.91,24.59,0,Newcastle Jets 3-0 Melbourne Victory,2025-02-08
Central Coast Mariners,0.76,2.19,-1.43,0.66,2.01,-1.35,0.1,0.18,-0.08,0.76,2.19,-1.43,1,1,0,1.43,55.8,55.39,48.91,0.4,0.56,260,8,10,16,25.0,28.57,10.15,7,14,22,4,6,118.3,56.36,38.33,38.28,91.87,47.48,0,Perth Glory 1-1 Central Coast Mariners,2025-02-07
Perth Glory,2.19,0.76,1.43,2.01,0.66,1.35,0.18,0.1,0.08,2.19,0.76,1.43,1,1,0,-1.43,44.2,44.61,45.8,0.56,0.4,196,15,16,10,28.57,25.0,9.07,14,7,11,1,14,91.6,43.64,61.8,61.72,101.63,52.52,0,Perth Glory 1-1 Central Coast Mariners,2025-02-07
Melbourne City,0.98,1.88,-0.9,0.74,1.82,-1.08,0.25,0.06,0.19,0.98,1.88,-0.9,0,1,-1,-0.1,50.1,64.09,47.34,0.17,0.12,216,9,12,10,70.59,83.33,13.51,8,1,18,5,14,139.3,65.4,96.87,68.73,194.83,67.35,0,Adelaide United 1-0 Melbourne City,2025-02-07
Adelaide United,1.88,0.98,0.9,1.82,0.74,1.08,0.06,0.25,-0.19,1.88,0.98,0.9,1,0,1,0.1,49.9,35.91,36.53,0.12,0.17,143,6,10,12,83.33,70.59,13.29,1,8,16,4,7,73.7,34.6,44.07,31.27,94.43,32.65,0,Adelaide United 1-0 Melbourne City,2025-02-07
Brisbane Roar,1.12,0.99,0.13,0.82,0.88,-0.06,0.3,0.12,0.18,1.12,0.99,0.13,1,1,0,-0.13,56.9,63.69,53.05,0.93,0.36,371,18,8,9,8.6,25.0,18.05,8,5,16,4,9,168.4,74.71,64.33,49.23,154.7,77.35,1,Wellington Phoenix 1-1 Brisbane Roar,2025-02-06
Wellington Phoenix,0.99,1.12,-0.13,0.88,0.82,0.06,0.12,0.3,-0.18,0.99,1.12,-0.13,1,1,0,0.13,43.1,36.31,42.67,0.36,0.93,183,7,9,8,25.0,8.6,19.33,5,8,22,7,5,57.0,25.29,66.33,50.77,45.3,22.65,3,Wellington Phoenix 1-1 Brisbane Roar,2025-02-06
Melbourne Victory,2.17,2.9,-0.73,2.07,2.9,-0.83,0.1,0.0,0.1,2.17,2.9,-0.73,2,0,2,2.73,56.6,57.43,52.38,0.9,1.18,258,12,14,15,15.56,12.71,11.48,4,6,24,6,8,142.8,64.53,15.93,18.74,100.93,60.36,0,Perth Glory 0-2 Melbourne Victory,2025-02-01
Perth Glory,2.9,2.17,0.73,2.9,2.07,0.83,0.0,0.1,-0.1,2.9,2.17,0.73,0,2,-2,-2.73,43.4,42.57,50.81,1.18,0.9,178,24,15,14,12.71,15.56,13.78,6,4,19,3,8,78.5,35.47,69.07,81.26,66.27,39.64,5,Perth Glory 0-2 Melbourne Victory,2025-02-01
Newcastle Jets,2.4,1.92,0.48,1.69,1.21,0.48,0.7,0.7,0.0,2.4,1.92,0.48,2,2,0,-0.48,49.7,50.0,42.18,1.07,0.4,187,17,18,16,16.82,40.0,12.5,8,8,17,9,12,107.3,51.05,71.2,57.05,100.33,49.96,0,Central Coast Mariners 2-2 Newcastle Jets,2025-02-01
Central Coast Mariners,1.92,2.4,-0.48,1.21,1.69,-0.48,0.7,0.7,0.0,1.92,2.4,-0.48,2,2,0,0.48,50.3,50.0,43.2,0.4,1.07,211,8,16,18,40.0,16.82,13.81,8,8,15,8,8,102.9,48.95,53.6,42.95,100.5,50.04,0,Central Coast Mariners 2-2 Newcastle Jets,2025-02-01
Adelaide United,2.53,3.17,-0.64,2.52,2.95,-0.43,0.01,0.22,-0.21,2.53,3.17,-0.64,1,4,-3,-2.36,46.4,37.78,42.49,0.86,0.96,171,11,15,19,17.44,19.79,12.45,10,6,19,5,5,51.7,25.81,46.33,40.29,41.89,16.03,0,Sydney 4-1 Adelaide United,2025-02-01
Sydney,3.17,2.53,0.64,2.95,2.52,0.43,0.22,0.01,0.21,3.17,2.53,0.64,4,1,3,2.36,53.6,62.22,50.5,0.96,0.86,286,21,19,15,19.79,17.44,14.37,6,10,15,9,12,148.6,74.19,68.67,59.71,219.4,83.97,1,Sydney 4-1 Adelaide United,2025-02-01
Macarthur,1.93,2.85,-0.92,1.78,2.53,-0.75,0.14,0.32,-0.18,1.93,2.85,-0.92,1,2,-1,-0.08,47.2,43.73,48.48,1.33,1.69,171,16,13,20,9.77,11.83,11.14,5,10,20,7,8,74.0,40.59,39.27,56.37,76.23,41.12,0,Auckland 2-1 Macarthur,2025-02-01
Auckland,2.85,1.93,0.92,2.53,1.78,0.75,0.32,0.14,0.18,2.85,1.93,0.92,2,1,1,0.08,52.8,56.27,52.26,1.69,1.33,234,16,20,13,11.83,9.77,8.05,10,5,32,7,11,108.3,59.41,30.4,43.63,109.17,58.88,6,Auckland 2-1 Macarthur,2025-02-01
Western Sydney Wanderers,0.85,1.44,-0.59,0.7,1.37,-0.67,0.15,0.07,0.08,0.85,1.44,-0.59,1,0,1,1.59,44.9,45.75,44.61,0.37,0.47,196,10,10,13,27.03,27.66,21.0,4,2,17,7,8,70.2,34.51,75.53,65.0,88.8,56.99,1,Brisbane Roar 0-1 Western Sydney Wanderers,2025-01-31
Brisbane Roar,1.44,0.85,0.59,1.37,0.7,0.67,0.07,0.15,-0.08,1.44,0.85,0.59,0,1,-1,-1.59,55.1,54.25,47.98,0.47,0.37,263,9,13,10,27.66,27.03,17.59,2,4,18,6,7,133.2,65.49,40.67,35.0,67.03,43.01,0,Brisbane Roar 0-1 Western Sydney Wanderers,2025-01-31
Central Coast Mariners,1.79,1.31,0.48,1.79,1.15,0.64,0.0,0.16,-0.16,1.79,1.31,0.48,2,2,0,-0.48,36.9,23.37,34.94,0.34,0.75,87,5,9,13,26.47,17.33,25.5,5,13,5,0,10,22.3,12.47,100.67,83.01,65.17,38.66,0,Western United 2-2 Central Coast Mariners,2025-01-29
Western United,1.31,1.79,-0.48,1.15,1.79,-0.64,0.16,0.0,0.16,1.31,1.79,-0.48,2,2,0,0.48,63.1,76.63,45.69,0.75,0.34,285,15,13,9,17.33,26.47,10.91,13,5,26,4,11,156.6,87.53,20.6,16.99,103.4,61.34,3,Western United 2-2 Central Coast Mariners,2025-01-29
Auckland,3.15,1.51,1.64,2.99,1.43,1.56,0.16,0.08,0.08,3.15,1.51,1.64,1,0,1,-0.64,53.7,73.31,56.89,1.35,0.42,330,29,22,15,16.3,35.71,11.81,12,2,27,5,12,170.4,84.78,98.33,75.29,213.3,96.68,8,Western Sydney Wanderers 0-1 Auckland,2025-01-26
Western Sydney Wanderers,1.51,3.15,-1.64,1.43,2.99,-1.56,0.08,0.16,-0.08,1.51,3.15,-1.64,0,1,-1,0.64,46.3,26.69,37.15,0.42,1.35,103,11,15,22,35.71,16.3,14.38,2,12,7,4,11,30.6,15.22,32.27,24.71,7.33,3.32,2,Western Sydney Wanderers 0-1 Auckland,2025-01-26
Melbourne City,1.81,2.01,-0.2,1.14,1.57,-0.43,0.67,0.44,0.23,1.81,2.01,-0.2,0,1,-1,-0.8,63.9,60.83,47.26,0.62,0.36,266,14,12,13,19.35,36.11,9.2,3,6,30,7,12,133.8,69.18,22.8,16.96,77.6,43.04,0,Macarthur 1-0 Melbourne City,2025-01-25
Macarthur,2.01,1.81,0.2,1.57,1.14,0.43,0.44,0.67,-0.23,2.01,1.81,0.2,1,0,1,0.8,36.1,39.17,44.63,0.36,0.62,143,11,13,12,36.11,19.35,14.76,6,3,12,4,12,59.6,30.82,111.6,83.04,102.7,56.96,0,Macarthur 1-0 Melbourne City,2025-01-25
Perth Glory,2.69,3.5,-0.81,1.93,2.7,-0.77,0.0,0.8,-0.8,1.93,3.5,-1.57,2,2,0,0.81,41.6,42.57,45.81,0.52,0.59,172,9,11,24,21.15,40.68,17.52,8,3,11,1,5,35.2,20.3,112.2,88.16,76.03,44.87,0,Newcastle Jets 2-2 Perth Glory,2025-01-25
Newcastle Jets,3.5,2.69,0.81,2.7,1.93,0.77,0.8,0.0,0.8,3.5,1.93,1.57,2,2,0,-0.81,58.4,57.43,45.44,0.59,0.52,254,15,24,11,40.68,21.15,20.33,3,8,27,9,7,138.2,79.7,15.07,11.84,93.4,55.13,3,Newcastle Jets 2-2 Perth Glory,2025-01-25
Central Coast Mariners,0.58,1.29,-0.71,0.55,1.21,-0.66,0.03,0.08,-0.05,0.58,1.29,-0.71,0,0,0,0.71,46.4,58.65,50.5,0.4,0.22,252,6,9,10,22.5,45.45,19.2,8,1,15,3,6,110.7,60.0,86.13,67.93,141.17,70.6,0,Wellington Phoenix 0-0 Central Coast Mariners,2025-01-25
Wellington Phoenix,1.29,0.58,0.71,1.21,0.55,0.66,0.08,0.03,0.05,1.29,0.58,0.71,0,0,0,-0.71,53.6,41.35,40.33,0.22,0.4,171,7,10,9,45.45,22.5,19.32,1,8,12,4,8,73.8,40.0,40.67,32.07,58.8,29.4,1,Wellington Phoenix 0-0 Central Coast Mariners,2025-01-25
Sydney,0.92,1.91,-0.99,0.92,1.59,-0.67,0.0,0.33,-0.33,0.92,1.91,-0.99,0,2,-2,-1.01,64.6,71.22,51.06,0.7,0.44,290,7,8,11,11.43,25.0,6.75,6,5,28,6,10,145.5,82.39,6.6,5.77,61.63,48.98,0,Melbourne Victory 2-0 Sydney,2025-01-24
Melbourne Victory,1.91,0.92,0.99,1.59,0.92,0.67,0.33,0.0,0.33,1.91,0.92,0.99,2,0,2,1.01,35.4,28.78,43.03,0.44,0.7,102,12,11,8,25.0,11.43,13.3,5,6,9,3,15,31.1,17.61,107.87,94.23,64.2,51.02,0,Melbourne Victory 2-0 Sydney,2025-01-24
Auckland,1.11,1.76,-0.65,0.88,1.76,-0.88,0.23,0.0,0.23,1.11,1.76,-0.65,2,2,0,0.65,41.2,45.68,47.48,0.61,0.4,155,9,8,6,13.11,15.0,12.91,6,3,20,5,14,51.4,40.86,110.67,95.02,126.83,77.19,2,Adelaide United 2-2 Auckland,2025-01-22
Adelaide United,1.76,1.11,0.65,1.76,0.88,0.88,0.0,0.23,-0.23,1.76,1.11,0.65,2,2,0,-0.65,58.8,54.32,44.79,0.4,0.61,206,7,6,8,15.0,13.11,11.38,3,6,29,10,8,74.4,59.14,5.8,4.98,37.47,22.81,0,Adelaide United 2-2 Auckland,2025-01-22
Wellington Phoenix,2.33,3.96,-1.63,1.57,3.21,-1.64,0.0,0.76,-0.76,1.57,3.96,-2.39,2,1,1,2.63,42.7,28.61,42.21,0.5,1.81,155,11,9,30,18.0,16.57,12.35,9,14,8,2,8,16.8,5.99,44.73,48.66,12.5,4.3,0,Macarthur 1-2 Wellington Phoenix,2025-01-20
Macarthur,3.96,2.33,1.63,3.21,1.57,1.64,0.76,0.0,0.76,3.96,1.57,2.39,1,2,-1,-2.63,57.3,71.39,54.22,1.81,0.5,325,37,30,9,16.57,18.0,10.4,14,9,34,10,7,263.6,94.01,47.2,51.34,278.47,95.7,0,Macarthur 1-2 Wellington Phoenix,2025-01-20
Melbourne Victory,1.83,0.87,0.96,1.46,0.77,0.69,0.37,0.1,0.27,1.83,0.87,0.96,2,3,-1,-1.96,56.7,60.38,48.14,1.16,0.62,253,17,16,11,13.79,17.74,12.88,3,4,17,8,4,151.6,74.06,26.53,31.24,138.57,76.18,1,Adelaide United 3-2 Melbourne Victory,2025-01-18
Adelaide United,0.87,1.83,-0.96,0.77,1.46,-0.69,0.1,0.37,-0.27,0.87,1.83,-0.96,3,2,1,1.96,43.3,39.62,43.69,0.62,1.16,144,13,11,16,17.74,13.79,18.9,4,3,15,7,9,53.1,25.94,58.4,68.76,43.33,23.82,1,Adelaide United 3-2 Melbourne Victory,2025-01-18
Brisbane Roar,3.18,2.04,1.14,2.56,1.83,0.73,0.62,0.21,0.41,3.18,2.04,1.14,4,3,1,-0.14,41.4,35.78,45.26,0.89,1.04,145,15,18,18,20.22,17.31,16.08,2,8,13,6,9,71.7,28.98,91.13,77.41,125.73,68.66,1,Sydney 3-4 Brisbane Roar,2025-01-18
Sydney,2.04,3.18,-1.14,1.83,2.56,-0.73,0.21,0.62,-0.41,2.04,3.18,-1.14,3,4,-1,0.14,58.6,64.22,52.16,1.04,0.89,303,18,18,18,17.31,20.22,10.62,8,2,15,2,10,175.7,71.02,26.6,22.59,57.4,31.34,0,Sydney 3-4 Brisbane Roar,2025-01-18
Melbourne City,0.85,1.74,-0.89,0.51,1.07,-0.56,0.34,0.68,-0.34,0.85,1.74,-0.89,0,3,-3,-2.11,58.6,53.69,43.34,0.35,0.5,223,8,8,14,22.86,28.0,10.31,9,13,17,4,6,95.2,51.77,32.73,23.44,46.23,18.18,0,Auckland 3-0 Melbourne City,2025-01-18
Auckland,1.74,0.85,0.89,1.07,0.51,0.56,0.68,0.34,0.34,1.74,0.85,0.89,3,0,3,2.11,41.4,46.31,44.19,0.5,0.35,163,8,14,8,28.0,22.86,10.73,13,9,11,3,11,88.7,48.23,106.93,76.56,208.01,81.82,2,Auckland 3-0 Melbourne City,2025-01-18
Central Coast Mariners,3.43,2.33,1.1,2.95,2.12,0.83,0.48,0.21,0.27,3.43,2.33,1.1,3,1,2,0.9,50.8,36.22,42.19,0.53,1.54,167,15,17,13,32.08,8.44,16.67,4,8,11,6,13,89.9,34.58,33.47,35.38,79.23,40.07,0,Western Sydney Wanderers 1-3 Central Coast Mariners,2025-01-17
Western Sydney Wanderers,2.33,3.43,-1.1,2.12,2.95,-0.83,0.21,0.48,-0.27,2.33,3.43,-1.1,1,3,-2,-0.9,49.2,63.78,50.81,1.54,0.53,253,19,13,17,8.44,32.08,14.1,8,4,27,4,5,170.1,65.42,61.13,64.62,118.5,59.93,0,Western Sydney Wanderers 1-3 Central Coast Mariners,2025-01-17
Newcastle Jets,1.46,2.7,-1.24,1.46,2.21,-0.75,0.0,0.5,-0.5,1.46,2.7,-1.24,1,3,-2,-0.76,47.8,27.24,33.43,0.56,1.21,104,6,5,20,8.93,16.53,24.71,4,7,4,2,6,32.7,13.27,33.6,29.34,12.37,3.35,0,Western United 3-1 Newcastle Jets,2025-01-17
Western United,2.7,1.46,1.24,2.21,1.46,0.75,0.5,0.0,0.5,2.7,1.46,1.24,3,1,2,0.76,52.2,72.76,47.37,1.21,0.56,234,25,20,5,16.53,8.93,11.85,7,4,28,12,10,213.8,86.73,80.93,70.66,356.34,96.65,1,Western United 3-1 Newcastle Jets,2025-01-17
Sydney,2.12,0.44,1.68,1.86,0.35,1.51,0.26,0.09,0.17,2.12,0.44,1.68,0,0,0,-1.68,56.0,75.0,53.52,1.12,0.16,379,20,19,6,16.96,37.5,14.0,9,4,19,8,11,254.2,92.47,69.6,46.05,236.9,93.92,1,Wellington Phoenix 0-0 Sydney,2025-01-15
Wellington Phoenix,0.44,2.12,-1.68,0.35,1.86,-1.51,0.09,0.26,-0.17,0.44,2.12,-1.68,0,0,0,1.68,44.0,25.0,38.91,0.16,1.12,148,5,6,19,37.5,16.96,19.77,4,9,8,3,6,20.7,7.53,81.53,53.95,15.33,6.08,2,Wellington Phoenix 0-0 Sydney,2025-01-15
Adelaide United,2.34,0.84,1.5,0.94,0.84,0.1,0.64,0.0,0.64,1.58,0.84,0.74,2,1,1,-0.5,49.5,51.2,54.16,0.46,0.36,296,18,14,8,30.43,22.22,16.59,5,5,25,9,9,157.8,58.66,56.73,58.21,150.97,63.21,2,Macarthur 1-2 Adelaide United,2025-01-06
Macarthur,0.84,2.34,-1.5,0.84,0.94,-0.1,0.0,0.64,-0.64,0.84,1.58,-0.74,1,2,-1,0.5,50.5,48.8,49.89,0.36,0.46,262,9,8,14,22.22,30.43,14.91,5,5,28,6,9,111.2,41.34,40.73,41.79,87.87,36.79,0,Macarthur 1-2 Adelaide United,2025-01-06
Western Sydney Wanderers,2.64,2.99,-0.35,2.17,1.71,0.46,0.47,0.52,-0.05,2.64,2.23,0.41,2,2,0,0.35,44.6,38.58,44.3,0.8,0.77,149,13,13,18,16.25,23.38,14.0,4,7,22,7,14,38.9,21.36,36.6,40.01,41.47,19.47,1,Melbourne Victory 2-2 Western Sydney Wanderers,2025-01-04
Melbourne Victory,2.99,2.64,0.35,1.71,2.17,-0.46,0.52,0.47,0.05,2.23,2.64,-0.41,2,2,0,-0.35,55.4,61.42,53.72,0.77,0.8,286,20,18,13,23.38,16.25,9.77,7,4,22,8,6,143.2,78.64,54.87,59.99,171.53,80.53,0,Melbourne Victory 2-2 Western Sydney Wanderers,2025-01-04
Sydney,1.65,1.12,0.53,1.35,0.96,0.39,0.3,0.16,0.14,1.65,1.12,0.53,2,2,0,-0.53,51.4,46.06,44.53,0.66,0.6,215,14,12,10,18.18,16.67,11.39,5,11,8,3,16,90.4,47.28,59.6,45.31,92.57,48.63,0,Newcastle Jets 2-2 Sydney,2025-01-04
Newcastle Jets,1.12,1.65,-0.53,0.96,1.35,-0.39,0.16,0.3,-0.14,1.12,1.65,-0.53,2,2,0,0.53,48.6,53.94,47.07,0.6,0.66,231,11,10,12,16.67,18.18,11.1,11,5,17,7,10,100.8,52.72,71.93,54.69,97.8,51.37,0,Newcastle Jets 2-2 Sydney,2025-01-04
Western United,2.6,1.27,1.33,2.5,1.0,1.5,0.1,0.27,-0.17,2.6,1.27,1.33,3,2,1,-0.33,64.8,61.96,47.14,1.26,0.41,295,13,17,13,13.49,31.71,10.7,1,6,23,7,6,182.3,74.35,16.27,11.27,103.8,50.99,0,Perth Glory 2-3 Western United,2025-01-03
Perth Glory,1.27,2.6,-1.33,1.0,2.5,-1.5,0.27,0.1,0.17,1.27,2.6,-1.33,2,3,-1,0.33,35.2,38.04,46.17,0.41,1.26,149,10,13,17,31.71,13.49,20.92,6,1,9,5,14,62.9,25.65,128.13,88.73,99.77,49.01,0,Perth Glory 2-3 Western United,2025-01-03
Central Coast Mariners,0.86,2.39,-1.53,0.86,2.38,-1.52,0.0,0.01,-0.01,0.86,2.39,-1.53,3,1,2,3.53,44.2,34.69,44.11,0.26,0.96,168,5,11,20,42.31,20.83,17.08,3,8,12,2,6,78.1,29.58,51.53,53.98,57.03,20.53,0,Brisbane Roar 1-3 Central Coast Mariners,2025-01-03
Brisbane Roar,2.39,0.86,1.53,2.38,0.86,1.52,0.01,0.0,0.01,2.39,0.86,1.53,1,3,-2,-3.53,55.8,65.31,54.16,0.96,0.26,351,20,20,11,20.83,42.31,9.51,8,3,23,5,20,185.9,70.42,43.93,46.02,220.73,79.47,1,Brisbane Roar 1-3 Central Coast Mariners,2025-01-03
Wellington Phoenix,0.12,1.83,-1.71,0.12,1.61,-1.49,0.0,0.21,-0.21,0.12,1.83,-1.71,0,2,-2,-0.29,46.7,10.06,27.75,-0.05,0.84,58,0,1,21,-20.0,25.0,16.96,1,19,1,0,7,0.3,0.09,46.33,23.78,0.13,0.02,0,Melbourne City 2-0 Wellington Phoenix,2025-01-03
Melbourne City,1.83,0.12,1.71,1.61,0.12,1.49,0.21,0.0,0.21,1.83,0.12,1.71,2,0,2,0.29,53.3,89.94,57.7,0.84,-0.05,418,25,21,1,25.0,-20.0,12.9,19,1,18,4,10,328.6,99.91,148.47,76.22,530.43,99.98,0,Melbourne City 2-0 Wellington Phoenix,2025-01-03
Macarthur,3.42,2.2,1.22,3.25,1.48,1.77,0.17,0.72,-0.55,3.42,2.2,1.22,3,2,1,-0.22,43.8,48.17,53.15,1.56,1.25,252,26,17,20,10.9,16.0,24.82,4,4,17,2,8,104.2,44.25,84.6,74.56,143.43,72.83,1,Western Sydney Wanderers 2-3 Macarthur,2025-01-01
Western Sydney Wanderers,2.2,3.42,-1.22,1.48,3.25,-1.77,0.72,0.17,0.55,2.2,3.42,-1.22,2,3,-1,0.22,56.2,51.83,51.9,1.25,1.56,330,24,20,17,16.0,10.9,14.95,4,4,30,9,8,131.3,55.75,28.87,25.44,53.5,27.17,1,Western Sydney Wanderers 2-3 Macarthur,2025-01-01
Melbourne Victory,0.85,0.6,0.25,0.78,0.45,0.33,0.08,0.14,-0.06,0.85,0.6,0.25,0,0,0,-0.25,51.9,44.55,42.49,0.29,0.33,172,10,10,8,34.48,24.24,11.13,4,16,12,7,8,83.8,50.82,30.4,27.05,57.87,35.15,1,Auckland 0-0 Melbourne Victory,2025-01-01
Auckland,0.6,0.85,-0.25,0.45,0.78,-0.33,0.14,0.08,0.06,0.6,0.85,-0.25,0,0,0,0.25,48.1,55.45,50.11,0.33,0.29,219,10,8,10,24.24,34.48,9.21,16,4,33,11,10,81.1,49.18,82.0,72.95,106.77,64.85,2,Auckland 0-0 Melbourne Victory,2025-01-01
Melbourne City,0.94,0.57,0.37,0.43,0.56,-0.13,0.51,0.01,0.5,0.94,0.57,0.37,1,1,0,-0.37,64.9,73.24,45.29,0.25,0.21,255,9,11,6,44.0,28.57,13.7,1,3,18,8,10,135.3,74.34,28.33,21.12,68.93,59.56,0,Central Coast Mariners 1-1 Melbourne City,2024-12-31
Central Coast Mariners,0.57,0.94,-0.37,0.56,0.43,0.13,0.01,0.51,-0.5,0.57,0.94,-0.37,1,1,0,0.37,35.1,26.76,36.82,0.21,0.25,84,4,6,11,28.57,44.0,24.13,3,1,9,1,11,46.7,25.66,105.8,78.88,46.8,40.44,1,Central Coast Mariners 1-1 Melbourne City,2024-12-31
Brisbane Roar,1.94,1.63,0.31,1.94,0.87,1.07,0.0,0.0,0.0,1.94,0.87,1.07,0,1,-1,-1.31,53.7,52.48,45.35,0.35,0.67,226,9,14,11,40.0,16.42,8.48,10,4,13,3,15,100.4,56.12,53.73,42.53,109.77,46.51,1,Western United 1-0 Brisbane Roar,2024-12-29
Western United,1.63,1.94,-0.31,0.87,1.94,-1.07,0.0,0.0,0.0,0.87,1.94,-1.07,1,0,1,1.31,46.3,47.52,43.91,0.67,0.35,177,15,11,14,16.42,40.0,17.07,4,10,11,2,11,78.5,43.88,72.6,57.47,126.23,53.49,1,Western United 1-0 Brisbane Roar,2024-12-29
Melbourne Victory,1.01,2.88,-1.87,0.81,2.79,-1.98,0.2,0.09,0.11,1.01,2.88,-1.87,0,3,-3,-1.13,47.1,56.99,53.27,0.63,0.67,290,11,16,15,25.4,22.39,13.82,10,5,19,4,10,150.0,57.1,81.6,70.42,125.48,37.88,1,Sydney 3-0 Melbourne Victory,2024-12-28
Sydney,2.88,1.01,1.87,2.79,0.81,1.98,0.09,0.2,-0.11,2.88,1.01,1.87,3,0,3,1.13,52.9,43.01,47.76,0.67,0.63,239,16,15,16,22.39,25.4,16.41,5,10,10,4,10,112.7,42.9,34.27,29.58,205.76,62.12,0,Sydney 3-0 Melbourne Victory,2024-12-28
Auckland,1.76,0.54,1.22,1.57,0.52,1.05,0.19,0.03,0.16,1.76,0.54,1.22,4,1,3,1.78,39.7,53.21,51.9,0.14,0.31,178,7,9,9,64.29,29.03,14.21,6,7,26,6,18,90.0,57.32,115.2,89.67,192.93,94.24,0,Central Coast Mariners 1-4 Auckland,2024-12-28
Central Coast Mariners,0.54,1.76,-1.22,0.52,1.57,-1.05,0.03,0.19,-0.16,0.54,1.76,-1.22,1,4,-3,-1.78,60.3,46.79,44.59,0.31,0.14,209,6,9,9,29.03,64.29,6.25,7,6,21,8,8,67.0,42.68,13.27,10.33,11.8,5.76,0,Central Coast Mariners 1-4 Auckland,2024-12-28
Newcastle Jets,2.43,0.66,1.77,2.24,0.51,1.73,0.2,0.15,0.05,2.43,0.66,1.77,1,2,-1,-2.77,56.0,77.55,57.12,1.27,0.04,434,26,20,11,15.75,275.0,17.68,10,7,29,10,11,296.9,89.35,128.53,64.74,311.4,92.91,0,Wellington Phoenix 2-1 Newcastle Jets,2024-12-28
Wellington Phoenix,0.66,2.43,-1.77,0.51,2.24,-1.73,0.15,0.2,-0.05,0.66,2.43,-1.77,2,1,1,2.77,44.0,22.45,38.09,0.04,1.27,120,4,11,20,275.0,15.75,17.83,7,10,6,3,6,35.4,10.65,70.0,35.26,23.77,7.09,0,Wellington Phoenix 2-1 Newcastle Jets,2024-12-28
Macarthur,1.84,1.3,0.54,1.71,1.23,0.48,0.12,0.07,0.05,1.84,1.3,0.54,3,0,3,2.46,56.5,68.49,52.6,0.74,0.4,275,16,12,15,16.22,37.5,13.68,6,3,23,8,12,178.1,81.18,40.87,49.72,190.57,90.7,0,Perth Glory 0-3 Macarthur,2024-12-27
Perth Glory,1.3,1.84,-0.54,1.23,1.71,-0.48,0.07,0.12,-0.05,1.3,1.84,-0.54,0,3,-3,-2.46,43.5,31.51,41.51,0.4,0.74,134,13,15,12,37.5,16.22,14.96,3,6,12,2,11,41.3,18.82,41.33,50.28,19.53,9.3,3,Perth Glory 0-3 Macarthur,2024-12-27
Western Sydney Wanderers,1.97,0.66,1.31,1.61,0.58,1.03,0.36,0.08,0.28,1.97,0.66,1.31,3,2,1,-0.31,51.0,45.86,45.18,0.74,0.56,214,9,18,7,24.32,12.5,18.61,3,7,13,2,12,103.4,52.38,51.27,39.42,88.43,41.21,0,Adelaide United 2-3 Western Sydney Wanderers,2024-12-27
Adelaide United,0.66,1.97,-1.31,0.58,1.61,-1.03,0.08,0.36,-0.28,0.66,1.97,-1.31,2,3,-1,0.31,49.0,54.14,49.74,0.56,0.74,267,20,7,18,12.5,24.32,21.41,7,3,20,5,3,94.0,47.62,78.8,60.58,126.13,58.79,2,Adelaide United 2-3 Western Sydney Wanderers,2024-12-27
Central Coast Mariners,0.68,2.36,-1.68,0.35,2.21,-1.86,0.33,0.15,0.18,0.68,2.36,-1.68,1,1,0,1.68,60.7,59.71,50.61,0.3,0.6,299,13,13,11,43.33,18.33,13.45,6,6,24,9,9,167.0,65.64,32.13,28.57,111.5,54.1,0,Macarthur 1-1 Central Coast Mariners,2024-12-23
Macarthur,2.36,0.68,1.68,2.21,0.35,1.86,0.15,0.33,-0.18,2.36,0.68,1.68,1,1,0,-1.68,39.3,40.29,48.41,0.6,0.3,175,11,11,13,18.33,43.33,20.18,6,6,15,4,11,87.4,34.36,80.33,71.43,94.6,45.9,1,Macarthur 1-1 Central Coast Mariners,2024-12-23
Wellington Phoenix,2.56,3.17,-0.61,1.66,3.17,-1.51,0.89,0.0,0.89,2.56,3.17,-0.61,1,4,-3,-2.39,45.8,42.98,44.61,0.2,1.14,203,11,13,22,65.0,19.3,15.33,6,3,11,4,7,57.9,30.06,92.6,59.92,36.77,12.56,0,Western Sydney Wanderers 4-1 Wellington Phoenix,2024-12-22
Western Sydney Wanderers,3.17,2.56,0.61,3.17,1.66,1.51,0.0,0.89,-0.89,3.17,2.56,0.61,4,1,3,2.39,54.2,57.02,42.68,1.14,0.2,191,22,22,13,19.3,65.0,16.7,3,6,11,0,19,134.7,69.94,61.93,40.08,255.9,87.44,0,Western Sydney Wanderers 4-1 Wellington Phoenix,2024-12-22
Melbourne City,1.5,2.94,-1.44,1.34,1.77,-0.43,0.16,1.16,-1.0,1.5,2.94,-1.44,1,1,0,1.44,41.2,44.84,48.65,0.73,0.64,149,8,11,23,15.07,35.94,11.81,6,7,16,3,14,69.1,37.15,90.47,83.71,119.6,64.6,0,Melbourne Victory 1-1 Melbourne City,2024-12-21
Melbourne Victory,2.94,1.5,1.44,1.77,1.34,0.43,1.16,0.16,1.0,2.94,1.5,1.44,1,1,0,-1.44,58.8,55.16,44.6,0.64,0.73,212,18,23,11,35.94,15.07,7.59,7,6,15,10,12,116.9,62.85,17.6,16.29,65.53,35.4,0,Melbourne Victory 1-1 Melbourne City,2024-12-21
Perth Glory,1.19,1.15,0.04,1.09,1.05,0.04,0.1,0.1,0.0,1.19,1.15,0.04,1,0,1,0.96,36.7,26.97,43.47,0.51,0.97,142,9,9,14,17.65,14.43,15.71,8,3,9,1,12,41.1,16.4,105.8,89.71,67.03,37.53,0,Brisbane Roar 0-1 Perth Glory,2024-12-21
Brisbane Roar,1.15,1.19,-0.04,1.05,1.09,-0.04,0.1,0.1,0.0,1.15,1.19,-0.04,0,1,-1,-0.96,63.3,73.03,51.39,0.97,0.51,337,22,14,9,14.43,17.65,13.08,3,8,19,4,6,209.5,83.6,12.13,10.29,111.57,62.47,2,Brisbane Roar 0-1 Perth Glory,2024-12-21
Western United,3.23,1.44,1.79,2.39,1.4,0.99,0.08,0.04,0.04,2.47,1.44,1.03,4,0,4,2.21,39.9,42.17,49.46,0.53,0.98,160,10,17,13,32.08,13.27,9.47,10,14,14,8,6,83.0,40.25,77.6,90.79,176.03,89.48,1,Auckland 0-4 Western United,2024-12-21
Auckland,1.44,3.23,-1.79,1.4,2.39,-0.99,0.04,0.08,-0.04,1.44,2.47,-1.03,0,4,-4,-2.21,60.1,57.83,48.68,0.98,0.53,232,17,13,17,13.27,32.08,6.43,14,10,23,6,11,123.2,59.75,7.87,9.21,20.7,10.52,3,Auckland 0-4 Western United,2024-12-21
Sydney,3.29,4.2,-0.91,2.88,3.86,-0.98,0.42,0.34,0.08,3.29,4.2,-0.91,3,3,0,0.91,55.6,57.62,48.47,0.68,0.84,265,12,23,15,33.82,17.86,10.85,6,10,15,7,12,145.4,65.85,44.13,35.98,99.43,41.41,0,Adelaide United 3-3 Sydney,2024-12-20
Adelaide United,4.2,3.29,0.91,3.86,2.88,0.98,0.34,0.42,-0.08,4.2,3.29,0.91,3,3,0,-0.91,44.4,42.38,42.77,0.84,0.68,154,15,15,23,17.86,33.82,13.72,10,6,10,4,14,75.4,34.15,78.53,64.02,140.67,58.59,0,Adelaide United 3-3 Sydney,2024-12-20
Auckland,0.66,0.67,-0.01,0.28,0.61,-0.33,0.39,0.05,0.34,0.66,0.67,-0.01,2,2,0,0.01,46.4,46.74,46.08,0.32,0.68,169,8,11,10,34.38,14.71,10.69,4,7,13,3,9,93.4,50.3,73.93,71.87,113.17,61.26,1,Melbourne City 2-2 Auckland,2024-12-15
Melbourne City,0.67,0.66,0.01,0.61,0.28,0.33,0.05,0.39,-0.34,0.67,0.66,0.01,2,2,0,-0.01,53.6,53.26,46.68,0.68,0.32,204,10,10,11,14.71,34.38,10.47,7,4,10,3,15,92.3,49.7,28.93,28.13,71.57,38.74,1,Melbourne City 2-2 Auckland,2024-12-15
Newcastle Jets,2.12,1.99,0.13,1.87,1.28,0.59,0.26,0.71,-0.45,2.12,1.99,0.13,4,0,4,3.87,65.0,58.94,44.34,1.26,0.48,244,22,17,12,13.49,25.0,9.58,4,1,16,6,12,117.2,66.59,19.07,12.51,99.1,56.23,0,Perth Glory 0-4 Newcastle Jets,2024-12-14
Perth Glory,1.99,2.12,-0.13,1.28,1.87,-0.59,0.71,0.26,0.45,1.99,2.12,-0.13,0,4,-4,-3.87,35.0,41.06,40.8,0.48,1.26,131,6,12,17,25.0,13.49,26.39,1,4,17,5,10,58.8,33.41,133.4,87.49,77.13,43.77,0,Perth Glory 0-4 Newcastle Jets,2024-12-14
Brisbane Roar,0.82,0.91,-0.09,0.82,0.91,-0.09,0.0,0.0,0.0,0.82,0.91,-0.09,2,2,0,0.09,33.1,30.77,46.11,0.13,0.53,123,2,11,14,84.62,26.42,15.79,5,6,9,2,15,42.4,20.99,154.67,92.84,41.6,15.73,0,Western Sydney Wanderers 2-2 Brisbane Roar,2024-12-14
Western Sydney Wanderers,0.91,0.82,0.09,0.91,0.82,0.09,0.0,0.0,0.0,0.91,0.82,0.09,2,2,0,-0.09,66.9,69.23,47.23,0.53,0.13,295,7,14,11,26.42,84.62,8.35,6,5,22,3,9,159.6,79.01,11.93,7.16,222.87,84.27,1,Western Sydney Wanderers 2-2 Brisbane Roar,2024-12-14
Western United,3.32,4.81,-1.49,2.72,4.52,-1.8,0.6,0.29,0.31,3.32,4.81,-1.49,4,3,1,2.49,36.4,41.31,43.15,0.52,1.22,112,13,19,26,36.54,21.31,13.09,5,4,15,6,12,64.4,29.57,98.73,82.6,119.1,51.45,0,Sydney 3-4 Western United,2024-12-14
Sydney,4.81,3.32,1.49,4.52,2.72,1.8,0.29,0.6,-0.31,4.81,3.32,1.49,3,4,-1,-2.49,63.6,58.69,47.6,1.22,0.52,230,18,26,19,21.31,36.54,8.11,4,5,17,7,14,153.4,70.43,20.8,17.4,112.37,48.55,0,Sydney 3-4 Western United,2024-12-14
Macarthur,2.41,2.05,0.36,1.6,1.96,-0.36,0.05,0.08,-0.03,1.65,2.05,-0.4,2,1,1,0.64,43.9,43.72,49.54,0.47,1.58,233,10,12,13,25.53,8.23,14.7,7,7,20,8,14,76.3,38.28,114.87,82.44,137.37,72.1,0,Wellington Phoenix 1-2 Macarthur,2024-12-14
Wellington Phoenix,2.05,2.41,-0.36,1.96,1.6,0.36,0.08,0.05,0.03,2.05,1.65,0.4,1,2,-1,-0.64,56.1,56.28,49.81,1.58,0.47,306,16,13,12,8.23,25.53,13.7,7,7,16,7,7,123.0,61.72,24.47,17.56,53.17,27.9,0,Wellington Phoenix 1-2 Macarthur,2024-12-14
Adelaide United,2.63,1.01,1.62,2.05,0.88,1.17,0.58,0.13,0.45,2.63,1.01,1.62,4,0,4,2.38,57.2,49.67,43.81,0.87,0.28,213,17,19,10,21.84,35.71,10.42,7,4,18,8,8,109.6,57.02,36.0,28.69,116.63,71.98,0,Central Coast Mariners 0-4 Adelaide United,2024-12-13
Central Coast Mariners,1.01,2.63,-1.62,0.88,2.05,-1.17,0.13,0.58,-0.45,1.01,2.63,-1.62,0,4,-4,-2.38,42.8,50.33,48.32,0.28,0.87,206,11,10,19,35.71,21.84,17.56,4,7,14,2,8,82.6,42.98,89.47,71.31,45.4,28.02,0,Central Coast Mariners 0-4 Adelaide United,2024-12-13
Sydney,1.42,1.7,-0.28,1.28,1.5,-0.22,0.14,0.2,-0.06,1.42,1.7,-0.28,1,2,-1,-0.72,59.1,65.59,49.72,0.57,0.87,295,7,16,13,28.07,14.94,8.18,11,6,19,9,16,151.3,60.84,37.93,36.78,111.2,54.44,0,Central Coast Mariners 2-1 Sydney,2024-12-08
Central Coast Mariners,1.7,1.42,0.28,1.5,1.28,0.22,0.2,0.14,0.06,1.7,1.42,0.28,2,1,1,0.72,40.9,34.41,44.47,0.87,0.57,160,9,13,16,14.94,28.07,14.33,6,11,8,2,9,97.4,39.16,65.2,63.22,93.07,45.56,0,Central Coast Mariners 2-1 Sydney,2024-12-08
Perth Glory,0.03,3.15,-3.12,0.03,2.93,-2.9,0.0,0.21,-0.21,0.03,3.15,-3.12,0,2,-2,1.12,31.5,16.67,41.18,0.14,0.95,103,1,2,25,14.29,26.32,17.7,6,8,4,0,12,2.3,0.61,124.87,93.7,14.4,3.08,0,Melbourne Victory 2-0 Perth Glory,2024-12-08
Melbourne Victory,3.15,0.03,3.12,2.93,0.03,2.9,0.21,0.0,0.21,3.15,0.03,3.12,2,0,2,-1.12,68.5,83.33,54.24,0.95,0.14,444,24,25,2,26.32,14.29,13.0,8,6,21,9,4,372.7,99.39,8.4,6.3,453.47,96.92,0,Melbourne Victory 2-0 Perth Glory,2024-12-08
Macarthur,0.88,2.17,-1.29,0.86,2.17,-1.31,0.02,0.0,0.02,0.88,2.17,-1.29,0,0,0,1.29,57.1,41.32,39.93,0.32,0.75,194,6,9,21,28.12,28.0,11.55,10,11,14,3,11,57.7,31.98,24.73,20.48,51.47,21.52,0,Western United 0-0 Macarthur,2024-12-07
Western United,2.17,0.88,1.29,2.17,0.86,1.31,0.0,0.02,-0.02,2.17,0.88,1.29,0,0,0,-1.29,42.9,58.68,44.18,0.75,0.32,208,15,21,9,28.0,28.12,13.85,11,10,16,1,9,122.7,68.02,96.0,79.52,187.73,78.48,5,Western United 0-0 Macarthur,2024-12-07
Adelaide United,3.6,2.5,1.1,3.6,2.5,1.1,0.0,0.0,0.0,3.6,2.5,1.1,1,0,1,-0.1,46.5,40.11,45.79,0.67,1.21,205,17,16,13,23.88,10.74,15.93,8,2,12,4,6,117.4,40.21,92.87,60.41,127.03,59.32,0,Newcastle Jets 0-1 Adelaide United,2024-12-07
Newcastle Jets,2.5,3.6,-1.1,2.5,3.6,-1.1,0.0,0.0,0.0,2.5,3.6,-1.1,0,1,-1,0.1,53.5,59.89,49.93,1.21,0.67,312,22,13,16,10.74,23.88,15.11,2,8,30,4,12,174.6,59.79,60.87,39.59,87.13,40.68,1,Newcastle Jets 0-1 Adelaide United,2024-12-07
Wellington Phoenix,1.11,1.61,-0.5,1.11,1.38,-0.27,0.0,0.23,-0.23,1.11,1.61,-0.5,1,2,-1,-0.5,50.1,39.32,44.29,0.46,0.7,181,11,6,21,13.04,30.0,7.17,5,6,12,4,18,45.6,19.89,30.47,28.35,32.63,15.11,0,Auckland 2-1 Wellington Phoenix,2024-12-07
Auckland,1.61,1.11,0.5,1.38,1.11,0.27,0.23,0.0,0.23,1.61,1.11,0.5,2,1,1,0.5,49.9,60.68,55.43,0.7,0.46,286,15,21,6,30.0,13.04,8.72,6,5,21,4,14,183.7,80.11,77.0,71.65,183.37,84.89,1,Auckland 2-1 Wellington Phoenix,2024-12-07
Melbourne City,1.37,1.91,-0.54,1.37,1.15,0.22,0.0,0.0,0.0,1.37,1.15,0.22,4,1,3,3.54,49.9,44.3,42.96,0.32,0.56,173,11,10,15,31.25,26.79,14.0,6,5,7,1,9,43.8,28.85,29.73,27.21,64.8,49.77,0,Brisbane Roar 1-4 Melbourne City,2024-12-06
Brisbane Roar,1.91,1.37,0.54,1.15,1.37,-0.22,0.0,0.0,0.0,1.15,1.37,-0.22,1,4,-3,-3.54,50.1,55.7,48.82,0.56,0.32,238,10,15,10,26.79,31.25,17.32,5,6,11,2,9,108.0,71.15,79.53,72.79,65.4,50.23,0,Brisbane Roar 1-4 Melbourne City,2024-12-06
Melbourne Victory,2.86,1.01,1.85,2.86,0.5,2.36,0.0,0.5,-0.5,2.86,1.01,1.85,3,1,2,0.15,43.6,52.69,50.99,0.85,0.45,228,22,15,9,17.65,20.0,19.5,7,6,19,8,6,145.0,64.39,120.47,78.56,214.37,92.15,0,Western United 1-3 Melbourne Victory,2024-12-01
Western United,1.01,2.86,-1.85,0.5,2.86,-2.36,0.5,0.0,0.5,1.01,2.86,-1.85,1,3,-2,-0.15,56.4,47.31,43.15,0.45,0.85,206,9,9,15,20.0,17.65,11.56,6,7,19,5,5,80.2,35.61,32.87,21.44,18.27,7.85,0,Western United 1-3 Melbourne Victory,2024-12-01
Brisbane Roar,2.39,2.07,0.32,2.26,0.83,1.43,0.13,1.24,-1.11,2.39,2.07,0.32,4,4,0,-0.32,37.9,41.67,47.02,0.57,0.68,152,12,13,15,22.81,22.06,15.0,6,5,18,4,15,99.6,46.54,107.47,86.76,165.63,72.54,1,Macarthur 4-4 Brisbane Roar,2024-11-30
Macarthur,2.07,2.39,-0.32,0.83,2.26,-1.43,1.24,0.13,1.11,2.07,2.39,-0.32,4,4,0,0.32,62.1,58.33,46.07,0.68,0.57,266,18,15,13,22.06,22.81,8.94,5,6,27,8,10,114.4,53.46,16.4,13.24,62.71,27.46,0,Macarthur 4-4 Brisbane Roar,2024-11-30
Western Sydney Wanderers,2.24,2.74,-0.5,1.48,1.61,-0.13,0.0,1.14,-1.14,1.48,2.74,-1.26,2,0,2,2.5,44.2,29.38,37.57,0.45,0.82,125,8,12,18,26.67,21.95,16.12,5,12,7,2,11,44.5,17.87,63.0,47.68,33.8,21.51,1,Melbourne City 0-2 Western Sydney Wanderers,2024-11-30
Melbourne City,2.74,2.24,0.5,1.61,1.48,0.13,1.14,0.0,1.14,2.74,1.48,1.26,0,2,-2,-2.5,55.8,70.62,50.93,0.82,0.45,308,21,18,12,21.95,26.67,15.48,12,5,28,7,8,204.5,82.13,69.13,52.32,123.33,78.49,0,Melbourne City 0-2 Western Sydney Wanderers,2024-11-30
Newcastle Jets,0.77,2.25,-1.48,0.77,2.15,-1.38,0.0,0.1,-0.1,0.77,2.25,-1.48,0,2,-2,-0.52,44.9,27.92,39.86,0.12,0.73,140,5,8,17,66.67,23.29,11.21,6,8,6,1,18,24.7,10.64,60.53,52.24,14.0,6.61,0,Auckland 2-0 Newcastle Jets,2024-11-30
Auckland,2.25,0.77,1.48,2.15,0.77,1.38,0.1,0.0,0.1,2.25,0.77,1.48,2,0,2,0.52,55.1,72.08,52.82,0.73,0.12,291,12,17,8,23.29,66.67,8.5,8,6,35,8,9,207.5,89.36,55.33,47.76,197.83,93.39,0,Auckland 2-0 Newcastle Jets,2024-11-30
Perth Glory,1.43,3.09,-1.66,1.07,2.98,-1.91,0.36,0.11,0.25,1.43,3.09,-1.66,2,2,0,1.66,28.5,30.93,51.08,0.77,1.1,137,15,14,26,18.18,23.64,27.78,4,9,14,5,11,24.2,7.85,176.2,98.4,60.9,29.81,0,Adelaide United 2-2 Perth Glory,2024-11-29
Adelaide United,3.09,1.43,1.66,2.98,1.07,1.91,0.11,0.36,-0.25,3.09,1.43,1.66,2,2,0,-1.66,71.5,69.07,53.91,1.1,0.77,427,23,26,14,23.64,18.18,5.57,9,4,28,6,8,284.0,92.15,2.87,1.6,143.37,70.19,0,Adelaide United 2-2 Perth Glory,2024-11-29
Auckland,0.45,1.89,-1.44,0.45,1.78,-1.33,0.0,0.11,-0.11,0.45,1.89,-1.44,1,0,1,2.44,35.9,36.83,47.45,0.55,0.97,154,9,6,13,10.91,13.4,15.52,8,5,10,2,15,52.5,23.69,128.73,88.5,102.5,62.31,1,Macarthur 0-1 Auckland,2024-11-24
Macarthur,1.89,0.45,1.44,1.78,0.45,1.33,0.11,0.0,0.11,1.89,0.45,1.44,0,1,-1,-2.44,64.1,63.17,48.75,0.97,0.55,322,16,13,6,13.4,10.91,8.29,5,8,25,9,6,169.1,76.31,16.73,11.5,62.0,37.69,0,Macarthur 0-1 Auckland,2024-11-24
Melbourne Victory,1.58,0.94,0.64,1.41,0.94,0.47,0.17,0.0,0.17,1.58,0.94,0.64,0,1,-1,-1.64,57.6,75.56,55.41,0.56,0.25,363,26,18,6,32.14,24.0,10.72,9,4,14,7,7,271.7,92.98,69.8,65.31,292.37,97.04,0,Wellington Phoenix 1-0 Melbourne Victory,2024-11-24
Wellington Phoenix,0.94,1.58,-0.64,0.94,1.41,-0.47,0.0,0.17,-0.17,0.94,1.58,-0.64,1,0,1,1.64,42.4,24.44,40.2,0.25,0.56,113,3,6,18,24.0,32.14,20.32,4,9,4,1,8,20.5,7.02,37.07,34.69,8.93,2.96,0,Wellington Phoenix 1-0 Melbourne Victory,2024-11-24
Western Sydney Wanderers,2.23,2.33,-0.1,1.11,1.57,-0.46,1.12,0.0,1.12,2.23,1.57,0.66,2,4,-2,-1.9,44.3,40.76,43.36,0.81,0.28,137,15,17,10,20.99,35.71,8.0,7,6,19,10,18,89.3,40.83,63.47,57.25,65.0,33.4,3,Sydney 4-2 Western Sydney Wanderers,2024-11-23
Sydney,2.33,2.23,0.1,1.57,1.11,0.46,0.0,1.12,-1.12,1.57,2.23,-0.66,4,2,2,1.9,55.7,59.24,53.21,0.28,0.81,254,11,10,17,35.71,20.99,7.15,6,7,5,2,16,129.4,59.17,47.4,42.75,129.6,66.6,0,Sydney 4-2 Western Sydney Wanderers,2024-11-23
Adelaide United,3.87,1.72,2.15,3.61,0.96,2.65,0.26,0.0,0.26,3.87,0.96,2.91,3,2,1,-1.15,60.6,59.33,47.58,1.2,0.7,262,22,17,11,14.17,15.71,12.08,3,5,22,6,10,167.0,74.42,31.73,22.69,124.87,58.26,1,Brisbane Roar 2-3 Adelaide United,2024-11-23
Brisbane Roar,1.72,3.87,-2.15,0.96,3.61,-2.65,0.0,0.26,-0.26,0.96,3.87,-2.91,2,3,-1,1.15,39.4,40.67,47.53,0.7,1.2,155,12,11,17,15.71,14.17,16.46,5,3,18,4,8,57.4,25.58,108.13,77.31,89.47,41.74,2,Brisbane Roar 2-3 Adelaide United,2024-11-23
Central Coast Mariners,1.91,2.36,-0.45,1.61,1.9,-0.29,0.3,0.46,-0.16,1.91,2.36,-0.45,2,1,1,1.45,43.9,61.65,49.8,0.48,0.52,227,16,15,11,31.25,21.15,16.88,8,4,22,7,9,111.9,64.2,129.87,87.99,199.87,81.55,0,Newcastle Jets 1-2 Central Coast Mariners,2024-11-22
Newcastle Jets,2.36,1.91,0.45,1.9,1.61,0.29,0.46,0.3,0.16,2.36,1.91,0.45,1,2,-1,-1.45,56.1,38.35,39.53,0.52,0.48,168,17,11,15,21.15,31.25,14.44,4,8,16,8,6,62.4,35.8,17.73,12.01,45.23,18.45,0,Newcastle Jets 1-2 Central Coast Mariners,2024-11-22
Western United,2.6,1.62,0.98,1.93,1.56,0.37,0.67,0.07,0.6,2.6,1.62,0.98,3,1,2,1.02,66.2,66.22,48.78,1.04,0.49,310,19,14,15,13.46,30.61,9.79,7,6,23,9,9,180.5,78.21,7.4,6.39,118.53,57.95,0,Perth Glory 1-3 Western United,2024-11-22
Perth Glory,1.62,2.6,-0.98,1.56,1.93,-0.37,0.07,0.67,-0.6,1.62,2.6,-0.98,1,3,-2,-1.02,33.8,33.78,44.34,0.49,1.04,134,12,15,14,30.61,13.46,19.25,6,7,19,6,10,50.3,21.79,108.47,93.61,86.0,42.05,0,Perth Glory 1-3 Western United,2024-11-22
Melbourne City,2.76,0.52,2.24,2.64,0.44,2.2,0.12,0.07,0.05,2.76,0.52,2.24,5,0,5,2.76,62.4,74.38,47.27,0.87,0.22,268,14,23,7,26.44,31.82,8.79,11,8,18,8,9,232.8,92.49,27.13,23.58,198.0,87.26,0,Perth Glory 0-5 Melbourne City,2024-11-10
Perth Glory,0.52,2.76,-2.24,0.44,2.64,-2.2,0.07,0.12,-0.05,0.52,2.76,-2.24,0,5,-5,-2.76,37.6,25.62,38.54,0.22,0.87,102,4,7,23,31.82,26.44,19.15,8,11,5,2,4,18.9,7.51,87.93,76.42,28.9,12.74,3,Perth Glory 0-5 Melbourne City,2024-11-10
Macarthur,2.44,2.32,0.12,2.28,2.26,0.02,0.16,0.07,0.09,2.44,2.32,0.12,2,1,1,0.88,38.6,25.87,40.48,0.88,1.17,125,10,12,17,13.64,14.53,11.89,5,12,10,3,15,53.1,18.72,58.07,62.17,53.33,21.55,0,Sydney 1-2 Macarthur,2024-11-10
Sydney,2.32,2.44,-0.12,2.26,2.28,-0.02,0.07,0.16,-0.09,2.32,2.44,-0.12,1,2,-1,-0.88,61.4,74.13,53.56,1.17,0.88,360,20,17,12,14.53,13.64,7.95,12,5,17,4,10,230.6,81.28,35.33,37.83,194.1,78.45,0,Sydney 1-2 Macarthur,2024-11-10
Wellington Phoenix,1.25,1.78,-0.53,1.25,1.59,-0.34,0.0,0.19,-0.19,1.25,1.78,-0.53,3,0,3,3.53,46.8,36.58,43.25,0.34,0.68,175,5,8,21,23.53,30.88,13.17,6,10,4,1,7,42.5,18.02,58.07,50.26,57.77,48.01,0,Central Coast Mariners 0-3 Wellington Phoenix,2024-11-10
Central Coast Mariners,1.78,1.25,0.53,1.59,1.25,0.34,0.19,0.0,0.19,1.78,1.25,0.53,0,3,-3,-3.53,53.2,63.42,52.47,0.68,0.34,314,15,21,8,30.88,23.53,14.36,10,6,24,6,10,193.4,81.98,57.47,49.74,62.57,51.99,0,Central Coast Mariners 0-3 Wellington Phoenix,2024-11-10
Western United,1.45,2.74,-1.29,0.96,1.96,-1.0,0.49,0.77,-0.28,1.45,2.74,-1.29,1,2,-1,0.29,46.1,47.08,44.94,0.91,1.24,195,14,8,19,8.79,15.32,13.23,10,6,14,2,8,67.3,33.63,62.33,57.82,90.63,54.89,0,Adelaide United 2-1 Western United,2024-11-09
Adelaide United,2.74,1.45,1.29,1.96,0.96,1.0,0.77,0.49,0.28,2.74,1.45,1.29,2,1,1,-0.29,53.9,52.92,46.31,1.24,0.91,235,19,19,8,15.32,8.79,14.21,6,10,18,10,10,132.8,66.37,45.47,42.18,74.47,45.11,0,Adelaide United 2-1 Western United,2024-11-09
Brisbane Roar,0.6,1.74,-1.14,0.54,1.49,-0.95,0.06,0.25,-0.19,0.6,1.74,-1.14,0,2,-2,-0.86,61.5,56.59,48.38,0.56,0.75,281,8,5,9,8.93,12.0,12.4,4,1,28,10,13,83.7,54.6,24.4,17.72,30.73,18.21,1,Melbourne Victory 2-0 Brisbane Roar,2024-11-09
Melbourne Victory,1.74,0.6,1.14,1.49,0.54,0.95,0.25,0.06,0.19,1.74,0.6,1.14,2,0,2,0.86,38.5,43.41,46.83,0.75,0.56,182,12,9,5,12.0,8.93,17.82,1,4,11,4,10,69.6,45.4,113.27,82.28,138.03,81.79,0,Melbourne Victory 2-0 Brisbane Roar,2024-11-09
Newcastle Jets,1.65,2.65,-1.0,0.8,1.41,-0.61,0.09,0.48,-0.39,0.89,1.89,-1.0,1,4,-3,-2.0,47.2,41.77,44.65,0.5,0.47,150,7,12,19,24.0,40.43,13.57,3,8,13,2,11,53.5,28.1,57.6,66.06,38.01,16.12,1,Western Sydney Wanderers 4-1 Newcastle Jets,2024-11-08
Western Sydney Wanderers,2.65,1.65,1.0,1.41,0.8,0.61,0.48,0.09,0.39,1.89,0.89,1.0,4,1,3,2.0,52.8,58.23,43.04,0.47,0.5,171,14,19,12,40.43,24.0,11.42,8,3,11,5,11,136.9,71.9,29.6,33.94,197.81,83.88,1,Western Sydney Wanderers 4-1 Newcastle Jets,2024-11-08
Melbourne City,1.62,1.31,0.31,1.61,1.31,0.3,0.01,0.0,0.01,1.62,1.31,0.31,1,0,1,0.69,54.9,57.76,47.41,0.48,0.65,261,11,11,12,22.92,18.46,9.64,10,2,14,3,10,111.6,69.84,52.53,46.19,109.37,74.4,0,Western United 0-1 Melbourne City,2024-11-04
Western United,1.31,1.62,-0.31,1.31,1.61,-0.3,0.0,0.01,-0.01,1.31,1.62,-0.31,0,1,-1,-0.69,45.1,42.24,39.24,0.65,0.48,143,5,12,11,18.46,22.92,13.52,2,10,7,2,13,48.2,30.16,61.2,53.81,37.63,25.6,1,Western United 0-1 Melbourne City,2024-11-04
Macarthur,1.33,3.27,-1.94,1.13,2.24,-1.11,0.21,0.27,-0.06,1.33,2.51,-1.18,1,2,-1,0.94,45.5,36.42,44.97,0.64,0.7,160,10,9,22,14.06,31.43,15.04,3,7,19,4,9,59.3,21.49,74.87,51.05,43.93,18.64,2,Melbourne Victory 2-1 Macarthur,2024-11-03
Melbourne Victory,3.27,1.33,1.94,2.24,1.13,1.11,0.27,0.21,0.06,2.51,1.33,1.18,2,1,1,-0.94,54.5,63.58,52.89,0.7,0.64,291,15,22,9,31.43,14.06,11.83,7,3,14,5,7,216.7,78.51,71.8,48.95,191.77,81.36,0,Melbourne Victory 2-1 Macarthur,2024-11-03
Adelaide United,2.96,3.14,-0.18,2.87,2.95,-0.08,0.09,0.18,-0.09,2.96,3.14,-0.18,4,3,1,1.18,46.8,41.14,47.8,0.67,0.76,197,17,19,19,28.36,25.0,16.24,2,8,15,4,4,96.4,36.47,75.47,66.32,107.8,70.15,1,Western Sydney Wanderers 3-4 Adelaide United,2024-11-02
Western Sydney Wanderers,3.14,2.96,0.18,2.95,2.87,0.08,0.18,0.09,0.09,3.14,2.96,0.18,3,4,-1,-1.18,53.2,58.86,50.26,0.76,0.67,291,13,19,19,25.0,28.36,13.89,8,2,25,6,11,167.9,63.53,38.33,33.68,45.87,29.85,0,Western Sydney Wanderers 3-4 Adelaide United,2024-11-02
Perth Glory,0.78,0.96,-0.18,0.78,0.67,0.11,0.0,0.29,-0.29,0.78,0.96,-0.18,0,0,0,0.18,33.7,26.44,40.53,0.21,0.74,93,6,7,8,33.33,10.81,10.66,8,6,7,1,15,20.7,14.06,125.93,93.61,75.33,54.14,2,Central Coast Mariners 0-0 Perth Glory,2024-11-02
Central Coast Mariners,0.96,0.78,0.18,0.67,0.78,-0.11,0.29,0.0,0.29,0.96,0.78,0.18,0,0,0,-0.18,66.3,73.56,47.77,0.74,0.21,297,10,8,7,10.81,33.33,8.8,6,8,22,6,9,126.5,85.94,8.6,6.39,63.8,45.86,0,Central Coast Mariners 0-0 Perth Glory,2024-11-02
Auckland,3.22,0.66,2.56,3.07,0.66,2.41,0.15,0.0,0.15,3.22,0.66,2.56,2,0,2,-0.56,49.8,61.9,54.26,0.89,0.43,299,17,18,7,20.22,16.28,9.48,16,7,25,5,13,190.3,79.39,92.53,75.56,234.8,88.7,1,Wellington Phoenix 0-2 Auckland,2024-11-02
Wellington Phoenix,0.66,3.22,-2.56,0.66,3.07,-2.41,0.0,0.15,-0.15,0.66,3.22,-2.56,0,2,-2,0.56,50.2,38.1,40.43,0.43,0.89,153,8,7,18,16.28,20.22,12.38,7,16,12,2,9,49.4,20.61,29.93,24.44,29.9,11.3,0,Wellington Phoenix 0-2 Auckland,2024-11-02
Sydney,2.54,1.64,0.9,2.31,1.28,1.03,0.24,0.37,-0.13,2.54,1.64,0.9,3,2,1,0.1,67.4,67.2,49.39,0.44,0.57,329,16,14,8,31.82,14.04,6.78,11,13,12,5,6,193.0,81.99,6.93,5.59,125.93,63.18,0,Brisbane Roar 2-3 Sydney,2024-11-01
Brisbane Roar,1.64,2.54,-0.9,1.28,2.31,-1.03,0.37,0.24,0.13,1.64,2.54,-0.9,2,3,-1,-0.1,32.6,32.8,46.25,0.57,0.44,126,15,8,14,14.04,31.82,12.25,13,11,15,4,16,42.4,18.01,117.0,94.41,73.4,36.82,0,Brisbane Roar 2-3 Sydney,2024-11-01
Western Sydney Wanderers,1.54,2.01,-0.47,1.45,1.79,-0.34,0.09,0.22,-0.13,1.54,2.01,-0.47,1,1,0,0.47,56.7,45.14,40.79,0.72,0.78,223,15,16,18,22.22,23.08,12.67,5,7,15,2,13,96.6,44.68,10.53,5.88,57.63,20.9,0,Western United 1-1 Western Sydney Wanderers,2024-10-27
Western United,2.01,1.54,0.47,1.79,1.45,0.34,0.22,0.09,0.13,2.01,1.54,0.47,1,1,0,-0.47,43.3,54.86,49.64,0.78,0.72,242,14,18,16,23.08,22.22,15.18,7,5,19,5,9,119.6,55.32,168.53,94.12,218.13,79.1,1,Western United 1-1 Western Sydney Wanderers,2024-10-27
Sydney,0.86,3.26,-2.4,0.81,2.79,-1.98,0.05,0.47,-0.42,0.86,3.26,-2.4,0,1,-1,1.4,58.2,52.67,48.89,0.41,0.7,238,6,12,19,29.27,27.14,5.0,9,7,15,4,12,87.1,41.18,19.33,22.39,83.4,33.13,0,Auckland 1-0 Sydney,2024-10-27
Auckland,3.26,0.86,2.4,2.79,0.81,1.98,0.47,0.05,0.42,3.26,0.86,2.4,1,0,1,-1.4,41.8,47.33,47.3,0.7,0.41,148,18,19,12,27.14,29.27,9.05,7,9,21,9,17,124.4,58.82,67.0,77.61,168.37,66.87,2,Auckland 1-0 Sydney,2024-10-27
Wellington Phoenix,0.66,0.51,0.15,0.55,0.35,0.2,0.11,0.16,-0.05,0.66,0.51,0.15,2,0,2,1.85,48.7,39.86,43.58,0.2,0.68,180,9,8,8,40.0,11.76,14.59,2,9,13,3,7,65.9,38.14,61.13,48.06,89.2,57.24,0,Perth Glory 0-2 Wellington Phoenix,2024-10-26
Perth Glory,0.51,0.66,-0.15,0.35,0.55,-0.2,0.16,0.11,0.05,0.51,0.66,-0.15,0,2,-2,-1.85,51.3,60.14,50.24,0.68,0.2,278,12,8,8,11.76,40.0,12.54,9,2,26,10,14,106.9,61.86,66.07,51.94,66.63,42.76,0,Perth Glory 0-2 Wellington Phoenix,2024-10-26
Melbourne Victory,2.96,2.14,0.82,2.79,2.05,0.74,0.16,0.09,0.07,2.96,2.14,0.82,3,1,2,1.18,41.5,38.01,43.84,0.71,0.89,157,18,15,15,21.13,16.85,13.3,8,7,8,2,8,60.9,27.97,62.53,67.87,137.67,80.51,0,Melbourne City 1-3 Melbourne Victory,2024-10-26
Melbourne City,2.14,2.96,-0.82,2.05,2.79,-0.74,0.09,0.16,-0.07,2.14,2.96,-0.82,1,3,-2,-1.18,58.5,61.99,49.93,0.89,0.71,284,13,15,15,16.85,21.13,11.88,7,8,30,9,13,156.8,72.03,29.6,32.13,33.33,19.49,1,Melbourne City 1-3 Melbourne Victory,2024-10-26
Central Coast Mariners,1.33,2.2,-0.87,1.33,2.12,-0.79,0.0,0.08,-0.08,1.33,2.2,-0.87,1,1,0,0.87,38.8,33.33,42.72,0.25,0.59,164,4,6,12,24.0,20.34,19.64,9,8,10,1,4,53.4,21.02,107.2,68.02,47.03,20.4,0,Adelaide United 1-1 Central Coast Mariners,2024-10-26
Adelaide United,2.2,1.33,0.87,2.12,1.33,0.79,0.08,0.0,0.08,2.2,1.33,0.87,1,1,0,-0.87,61.2,66.67,51.22,0.59,0.25,369,16,12,6,20.34,24.0,15.83,8,9,24,5,6,200.7,78.98,50.4,31.98,183.53,79.6,0,Adelaide United 1-1 Central Coast Mariners,2024-10-26
Newcastle Jets,0.72,3.28,-2.56,0.72,2.11,-1.39,0.0,0.41,-0.41,0.72,2.52,-1.8,2,1,1,3.56,36.5,34.78,46.25,0.37,1.04,169,10,10,17,27.03,16.35,17.41,12,6,11,2,11,60.5,22.54,96.87,92.73,72.47,39.96,1,Macarthur 1-2 Newcastle Jets,2024-10-25
Macarthur,3.28,0.72,2.56,2.11,0.72,1.39,0.41,0.0,0.41,2.52,0.72,1.8,1,2,-1,-3.56,63.5,65.22,50.55,1.04,0.37,340,15,17,10,16.35,27.03,8.49,6,12,37,11,8,207.9,77.46,7.6,7.27,108.9,60.04,1,Macarthur 1-2 Newcastle Jets,2024-10-25
Perth Glory,0.53,4.68,-4.15,0.41,4.63,-4.22,0.12,0.05,0.07,0.53,4.68,-4.15,1,6,-5,-0.85,32.7,49.22,52.07,0.37,1.65,197,7,7,21,18.92,12.73,23.31,7,8,14,5,8,69.7,29.72,177.8,98.02,39.82,10.94,3,Macarthur 6-1 Perth Glory,2024-10-20
Macarthur,4.68,0.53,4.15,4.63,0.41,4.22,0.05,0.12,-0.07,4.68,0.53,4.15,6,1,5,0.85,67.3,50.78,43.42,1.65,0.37,260,22,21,7,12.73,18.92,7.87,8,7,14,1,4,164.8,70.28,3.6,1.98,324.24,89.06,2,Macarthur 6-1 Perth Glory,2024-10-20
Western United,1.35,1.55,-0.2,1.2,1.08,0.12,0.15,0.47,-0.32,1.35,1.55,-0.2,1,1,0,0.2,47.5,61.3,47.87,0.65,0.17,245,12,10,12,15.38,70.59,14.53,6,6,18,5,12,137.0,60.41,89.47,68.72,157.47,68.02,0,Wellington Phoenix 1-1 Western United,2024-10-20
Wellington Phoenix,1.55,1.35,0.2,1.08,1.2,-0.12,0.47,0.15,0.32,1.55,1.35,0.2,1,1,0,-0.2,52.5,38.7,41.22,0.17,0.65,179,10,12,10,70.59,15.38,12.87,6,6,11,4,10,89.8,39.59,40.73,31.28,74.03,31.98,0,Wellington Phoenix 1-1 Western United,2024-10-20
Sydney,1.96,1.64,0.32,1.95,1.39,0.56,0.01,0.25,-0.24,1.96,1.64,0.32,2,1,1,0.68,50.6,61.4,51.16,0.85,1.09,275,18,19,11,22.35,10.09,9.63,10,5,10,2,12,188.3,79.96,77.4,58.55,227.13,85.14,1,Western Sydney Wanderers 1-2 Sydney,2024-10-19
Western Sydney Wanderers,1.64,1.96,-0.32,1.39,1.95,-0.56,0.25,0.01,0.24,1.64,1.96,-0.32,1,2,-1,-0.68,49.4,38.6,40.33,1.09,0.85,155,17,11,19,10.09,22.35,12.34,5,10,16,6,10,47.2,20.04,54.8,41.45,39.63,14.86,0,Western Sydney Wanderers 1-2 Sydney,2024-10-19
Melbourne City,1.78,1.16,0.62,1.41,0.96,0.45,0.37,0.2,0.17,1.78,1.16,0.62,1,0,1,0.38,46.5,46.65,45.79,0.7,0.55,185,14,14,14,20.0,25.45,13.39,8,6,14,6,14,116.1,49.32,95.27,70.02,145.53,73.95,0,Newcastle Jets 0-1 Melbourne City,2024-10-19
Newcastle Jets,1.16,1.78,-0.62,0.96,1.41,-0.45,0.2,0.37,-0.17,1.16,1.78,-0.62,0,1,-1,-0.38,53.5,53.35,43.88,0.55,0.7,212,13,14,14,25.45,20.0,12.68,6,8,30,8,5,119.3,50.68,40.8,29.98,51.27,26.05,1,Newcastle Jets 0-1 Melbourne City,2024-10-19
Brisbane Roar,0.59,1.73,-1.14,0.46,1.56,-1.1,0.13,0.16,-0.03,0.59,1.73,-1.14,0,2,-2,-0.86,58.2,53.6,45.25,0.2,0.36,248,8,12,17,60.0,47.22,11.26,6,12,12,6,7,81.6,47.66,35.4,26.87,43.83,34.48,0,Auckland 2-0 Brisbane Roar,2024-10-19
Auckland,1.73,0.59,1.14,1.56,0.46,1.1,0.16,0.13,0.03,1.73,0.59,1.14,2,0,2,0.86,41.8,46.4,45.49,0.36,0.2,173,6,17,12,47.22,60.0,11.86,12,6,17,4,10,89.6,52.34,96.33,73.13,83.27,65.52,1,Auckland 2-0 Brisbane Roar,2024-10-19
Melbourne Victory,2.0,1.47,0.53,0.85,1.19,-0.34,0.39,0.27,0.12,1.24,1.47,-0.23,0,0,0,-0.53,47.0,53.58,50.23,0.77,0.44,219,14,11,13,14.29,29.55,19.3,2,3,8,4,6,139.0,51.6,77.27,60.46,116.3,58.95,0,Central Coast Mariners 0-0 Melbourne Victory,2024-10-18
Central Coast Mariners,1.47,2.0,-0.53,1.19,0.85,0.34,0.27,0.39,-0.12,1.47,1.24,0.23,0,0,0,0.53,53.0,46.42,49.2,0.44,0.77,244,7,13,11,29.55,14.29,13.44,3,2,25,5,13,130.4,48.4,50.53,39.54,80.97,41.05,0,Central Coast Mariners 0-0 Melbourne Victory,2024-10-18
