Team,xG,xGA,xGD,Open Play xG,Open Play xGA,Open Play xGD,Set Piece xG,Set Piece xGA,Set Piece xGD,npxG,npxGA,npxGD,xG within 5s of Crosses,xGA within 5s of Crosses,xG within 15s of Set Pieces,xGA within 15s of Set Pieces,xGD within 15s of Set Pieces,Goals,Goals Conceded,GD,GD-xGD,Possession,Field Tilt,Vertical Tendency,Opponent Vertical Tendency,Avg Pass Height,xT,xT Against,Passes in Opposition Half,Passes into Box,Shots,Shots Faced,Shots per 1.0 xT,Shots Faced per 1.0 xT Against,PPDA,High Recoveries,High Recoveries Against,Crosses,Corners,Fouls,On-Ball Pressure,On-Ball Pressure Share,Off-Ball Pressure,Off-Ball Pressure Share,Game Control,Game Control Share,Throw-Ins into the Box,Match,Date
Wuhan Three Towns,0.44,2.69,-2.25,0.42,2.34,-1.92,0.02,0.35,-0.33,0.44,2.69,-2.25,0.11,1.22,0.04,1.06,-1.02,0,1,-1,1.25,34.90,30.9,27.1,20.2,44.24,0.25,1.62,118,1,9,19,36.0,11.73,13.43,3,3,12,2,17,23.7,11.45,77.4,84.31,24.47,15.25,0,Beijing Guoan 1-0 Wuhan Three Towns,2026-06-27
Beijing Guoan,2.69,0.44,2.25,2.34,0.42,1.92,0.35,0.02,0.33,2.69,0.44,2.25,1.22,0.11,1.06,0.04,1.02,1,0,1,-1.25,65.10,69.1,20.2,27.1,54.81,1.62,0.25,331,28,19,9,11.73,36.0,6.44,3,3,32,7,17,183.2,88.55,14.4,15.69,135.97,84.75,1,Beijing Guoan 1-0 Wuhan Three Towns,2026-06-27
Tianjin Jinmen Tiger,0.83,0.63,0.20,0.42,0.63,-0.21,0.42,0.00,0.42,0.83,0.63,0.20,0.14,0.30,0.43,0.02,0.41,0,1,-1,-1.20,49.40,50.17,9.7,15.2,50.49,0.72,0.54,238,8,13,6,18.06,11.11,13.29,6,5,29,13,12,108.7,56.7,77.33,60.35,101.6,61.59,0,Chongqing Tonglianglong 1-0 Tianjin Jinmen Tiger,2026-06-27
Chongqing Tonglianglong,0.63,0.83,-0.20,0.63,0.42,0.21,0.00,0.42,-0.42,0.63,0.83,-0.20,0.30,0.14,0.02,0.43,-0.41,1,0,1,1.20,50.60,49.83,15.2,9.7,47.72,0.54,0.72,213,8,6,13,11.11,18.06,12.41,5,6,8,2,9,83.0,43.3,50.8,39.65,63.37,38.41,1,Chongqing Tonglianglong 1-0 Tianjin Jinmen Tiger,2026-06-27
Chengdu Rongcheng,2.02,2.15,-0.13,1.13,1.79,-0.66,0.13,0.36,-0.23,1.26,2.15,-0.89,0.05,1.24,0.47,0.54,-0.07,3,2,1,1.13,45.50,43.2,22.0,14.5,48.78,0.59,0.93,147,14,16,15,27.12,16.13,8.06,7,2,25,9,13,86.5,42.55,44.47,61.47,101.07,58.68,4,Shenzhen Peng City 2-3 Chengdu Rongcheng,2026-06-27
Shenzhen Peng City,2.15,2.02,0.13,1.79,1.13,0.66,0.36,0.13,0.23,2.15,1.26,0.89,1.24,0.05,0.54,0.47,0.07,2,3,-1,-1.13,54.50,56.8,14.5,22.0,49.14,0.93,0.59,174,14,15,16,16.13,27.12,8.59,2,7,23,5,13,116.8,57.45,27.87,38.53,71.17,41.32,3,Shenzhen Peng City 2-3 Chengdu Rongcheng,2026-06-27
Shanghai Port,1.53,1.06,0.47,1.32,0.41,0.91,0.21,0.65,-0.44,1.53,1.06,0.47,0.00,0.01,0.21,0.75,-0.54,2,1,1,0.53,55.30,64.44,15.2,28.7,49.89,0.4,0.38,226,9,6,10,15.0,26.32,7.71,6,4,14,3,15,113.8,75.26,20.2,24.43,87.73,68.1,0,Henan 1-2 Shanghai Port,2026-06-27
Henan,1.06,1.53,-0.47,0.41,1.32,-0.91,0.65,0.21,0.44,1.06,1.53,-0.47,0.01,0.00,0.75,0.21,0.54,1,2,-1,-0.53,44.70,35.56,28.7,15.2,43.08,0.38,0.4,133,10,10,6,26.32,15.0,9.53,4,6,10,2,17,37.4,24.74,62.47,75.57,41.1,31.9,2,Henan 1-2 Shanghai Port,2026-06-27
Shandong Taishan,5.98,0.86,5.12,4.31,0.86,3.45,0.14,0.00,0.14,4.46,0.86,3.60,1.61,0.02,0.27,0.08,0.19,5,1,4,-1.12,43.20,43.03,20.0,29.4,48.35,1.25,0.37,174,16,22,9,17.6,24.32,14.85,4,3,12,3,5,105.8,66.62,89.4,86.69,268.53,95.63,0,Liaoning Tieren 1-5 Shandong Taishan,2026-06-27
Liaoning Tieren,0.86,5.98,-5.12,0.86,4.31,-3.45,0.00,0.14,-0.14,0.86,4.46,-3.60,0.02,1.61,0.08,0.27,-0.19,1,5,-4,1.12,56.80,56.97,29.4,20.0,50.15,0.37,1.25,265,8,9,22,24.32,17.6,23.92,3,4,25,5,10,53.0,33.38,13.73,13.31,12.27,4.37,1,Liaoning Tieren 1-5 Shandong Taishan,2026-06-27
Yunnan Yukun,4.02,2.52,1.50,3.98,2.52,1.46,0.04,0.00,0.04,4.02,2.52,1.50,1.89,1.00,0.40,0.00,0.40,2,4,-2,-3.50,53.30,53.67,30.9,25.8,49.99,1.0,0.84,226,16,20,8,20.0,9.52,8.91,3,2,29,4,14,113.7,64.82,33.67,40.43,75.73,41.76,1,Qingdao Hainiu 4-2 Yunnan Yukun,2026-06-26
Qingdao Hainiu,2.52,4.02,-1.50,2.52,3.98,-1.46,0.00,0.04,-0.04,2.52,4.02,-1.50,1.00,1.89,0.00,0.40,-0.40,4,2,2,3.50,46.70,46.33,25.8,30.9,47.28,0.84,1.0,179,12,8,20,9.52,20.0,11.97,2,3,18,2,15,61.7,35.18,49.6,59.57,105.6,58.24,0,Qingdao Hainiu 4-2 Yunnan Yukun,2026-06-26
Yunnan Yukun,1.2,1.76,-0.56,1.2,1.56,-0.36,0.0,0.2,-0.2,1.2,1.76,-0.56,,,,,,1,1,0,0.56,45.7,42.91,,,46.82,0.9,1.19,144,15,7,12,7.78,10.08,10.89,3,6,13,3,15,58.6,35.69,29.8,52.16,62.63,36.24,2,Wuhan Three Towns 1-1 Yunnan Yukun,2026-05-31
Wuhan Three Towns,1.76,1.2,0.56,1.56,1.2,0.36,0.2,0.0,0.2,1.76,1.2,0.56,,,,,,1,1,0,-0.56,54.3,57.09,,,49.33,1.19,0.9,195,15,12,7,10.08,7.78,6.44,6,3,28,7,16,105.6,64.31,27.33,47.84,110.17,63.76,0,Wuhan Three Towns 1-1 Yunnan Yukun,2026-05-31
Dalian Yingbo,1.93,1.15,0.78,1.01,0.14,0.87,0.93,1.01,-0.08,1.93,1.15,0.78,,,,,,0,1,-1,-1.78,66.1,64.08,,,51.85,0.61,0.54,246,15,17,7,27.87,12.96,6.93,2,8,23,9,18,161.2,91.12,14.73,15.13,110.93,71.55,1,Tianjin Jinmen Tiger 1-0 Dalian Yingbo,2026-05-31
Tianjin Jinmen Tiger,1.15,1.93,-0.78,0.14,1.01,-0.87,1.01,0.93,0.08,1.15,1.93,-0.78,,,,,,1,0,1,1.78,33.9,35.92,,,46.64,0.54,0.61,105,10,7,17,12.96,27.87,13.85,8,2,22,7,9,15.7,8.88,82.6,84.87,44.1,28.45,0,Tianjin Jinmen Tiger 1-0 Dalian Yingbo,2026-05-31
Beijing Guoan,5.43,0.57,4.86,5.09,0.44,4.65,0.34,0.13,0.21,5.43,0.57,4.86,,,,,,3,2,1,-3.86,56.8,60.69,,,50.03,0.82,0.7,212,19,23,8,28.05,11.43,6.79,6,1,23,8,9,132.1,84.9,26.53,44.22,127.33,87.51,3,Chongqing Tonglianglong 2-3 Beijing Guoan,2026-05-30
Chongqing Tonglianglong,0.57,5.43,-4.86,0.44,5.09,-4.65,0.13,0.34,-0.21,0.57,5.43,-4.86,,,,,,2,3,-1,3.86,43.2,39.31,,,43.88,0.7,0.82,122,11,8,23,11.43,28.05,12.86,1,6,16,4,18,23.5,15.1,33.47,55.78,18.17,12.49,2,Chongqing Tonglianglong 2-3 Beijing Guoan,2026-05-30
Qingdao Hainiu,1.22,3.34,-2.12,0.46,3.18,-2.72,0.0,0.15,-0.15,0.46,3.34,-2.88,,,,,,2,3,-1,1.12,52.9,58.16,,,52.06,0.28,0.53,211,6,10,16,35.71,30.19,10.33,3,2,22,3,9,90.1,55.24,43.67,44.84,65.1,42.09,0,Shenzhen Peng City 3-2 Qingdao Hainiu,2026-05-30
Shenzhen Peng City,3.34,1.22,2.12,3.18,0.46,2.72,0.15,0.0,0.15,3.34,0.46,2.88,,,,,,3,2,1,-1.12,47.1,41.84,,,45.01,0.53,0.28,135,11,16,10,30.19,35.71,10.93,2,3,23,9,16,73.0,44.76,53.73,55.16,89.57,57.91,2,Shenzhen Peng City 3-2 Qingdao Hainiu,2026-05-30
Shandong Taishan,1.73,1.07,0.66,1.7,0.95,0.75,0.03,0.12,-0.09,1.73,1.07,0.66,,,,,,0,1,-1,-1.66,52.6,52.81,,,51.53,0.59,0.46,249,13,14,17,23.73,36.96,8.4,7,3,22,2,17,111.6,51.31,48.0,42.5,100.53,40.21,0,Chengdu Rongcheng 1-0 Shandong Taishan,2026-05-30
Chengdu Rongcheng,1.07,1.73,-0.66,0.95,1.7,-0.75,0.12,0.03,0.09,1.07,1.73,-0.66,,,,,,1,0,1,1.66,47.4,47.19,,,48.16,0.46,0.59,216,14,17,14,36.96,23.73,15.33,3,7,15,5,7,105.9,48.69,64.93,57.5,149.47,59.79,2,Chengdu Rongcheng 1-0 Shandong Taishan,2026-05-30
Zhejiang,0.82,1.87,-1.05,0.82,1.5,-0.68,0.0,0.37,-0.37,0.82,1.87,-1.05,,,,,,2,0,2,3.05,35.3,28.18,,,42.76,0.42,1.02,90,10,6,20,14.29,19.61,12.14,2,4,7,1,17,27.5,14.12,86.87,84.67,64.87,40.19,3,Henan 0-2 Zhejiang,2026-05-30
Henan,1.87,0.82,1.05,1.5,0.82,0.68,0.37,0.0,0.37,1.87,0.82,1.05,,,,,,0,2,-2,-3.05,64.7,71.82,,,52.38,1.02,0.42,256,15,20,6,19.61,14.29,6.64,4,2,31,7,11,167.2,85.88,15.73,15.33,96.53,59.81,5,Henan 0-2 Zhejiang,2026-05-30
Shanghai Shenhua,0.65,2.58,-1.93,0.38,1.59,-1.21,0.28,0.23,0.05,0.65,1.82,-1.17,,,,,,2,2,0,1.93,44.1,41.11,,,47.62,0.53,0.77,192,12,8,10,15.09,12.99,11.09,3,4,16,3,18,67.6,32.41,77.0,64.24,74.1,44.25,0,Qingdao West Coast 2-2 Shanghai Shenhua,2026-05-30
Qingdao West Coast,2.58,0.65,1.93,1.59,0.38,1.21,0.23,0.28,-0.05,1.82,0.65,1.17,,,,,,2,2,0,-1.93,55.9,58.89,,,53.48,0.77,0.53,301,16,10,8,12.99,15.09,9.91,4,3,30,6,11,141.0,67.59,42.87,35.76,93.37,55.75,2,Qingdao West Coast 2-2 Shanghai Shenhua,2026-05-30
Shanghai Port,2.78,1.72,1.06,1.53,1.72,-0.19,1.25,0.0,1.25,2.78,1.72,1.06,,,,,,2,3,-1,-2.06,58.4,56.15,,,49.32,0.53,0.75,245,11,12,9,22.64,12.0,10.0,7,3,27,12,9,88.2,61.76,17.33,22.07,68.27,42.96,4,Liaoning Tieren 3-2 Shanghai Port,2026-05-29
Liaoning Tieren,1.72,2.78,-1.06,1.72,1.53,0.19,0.0,1.25,-1.25,1.72,2.78,-1.06,,,,,,3,2,1,2.06,41.6,43.85,,,45.85,0.75,0.53,153,7,9,12,12.0,22.64,14.1,3,7,7,1,12,54.6,38.24,61.2,77.93,90.63,57.04,2,Liaoning Tieren 3-2 Shanghai Port,2026-05-29
Shenzhen Peng City,2.68,2.19,0.49,1.83,0.42,1.41,0.09,1.01,-0.92,1.92,1.43,0.49,,,,,,2,1,1,0.51,39.8,38.44,,,46.15,0.59,0.69,143,13,16,11,27.12,15.94,10.97,1,2,17,5,20,53.5,31.4,85.27,82.09,103.07,72.86,0,Shanghai Shenhua 1-2 Shenzhen Peng City,2026-05-24
Shanghai Shenhua,2.19,2.68,-0.49,0.42,1.83,-1.41,1.01,0.09,0.92,1.43,1.92,-0.49,,,,,,1,2,-1,-0.51,60.2,61.56,,,51.19,0.69,0.59,266,14,11,16,15.94,27.12,8.48,2,1,29,7,16,116.9,68.6,18.6,17.91,38.4,27.14,0,Shanghai Shenhua 1-2 Shenzhen Peng City,2026-05-24
Liaoning Tieren,2.06,1.66,0.4,2.06,0.89,1.17,0.0,0.78,-0.78,2.06,1.66,0.4,,,,,,5,0,5,4.6,38.8,37.14,,,46.35,0.71,0.97,143,6,14,15,19.72,15.46,18.36,2,2,7,0,12,41.8,31.05,63.07,75.2,118.53,77.83,0,Zhejiang 0-5 Liaoning Tieren,2026-05-24
Zhejiang,1.66,2.06,-0.4,0.89,2.06,-1.17,0.78,0.0,0.78,1.66,2.06,-0.4,,,,,,0,5,-5,-4.6,61.2,62.86,,,50.92,0.97,0.71,267,14,15,14,15.46,19.72,9.43,2,2,20,9,17,92.8,68.95,20.8,24.8,33.77,22.17,3,Zhejiang 0-5 Liaoning Tieren,2026-05-24
Wuhan Three Towns,3.25,5.16,-1.91,1.61,4.28,-2.67,0.88,0.12,0.76,2.49,4.4,-1.91,,,,,,3,3,0,1.91,44.2,35.05,,,46.11,0.49,1.44,155,9,17,20,34.69,13.89,13.74,1,3,15,2,12,65.6,28.61,45.13,67.63,64.3,32.86,0,Shandong Taishan 3-3 Wuhan Three Towns,2026-05-24
Shandong Taishan,5.16,3.25,1.91,4.28,1.61,2.67,0.12,0.88,-0.76,4.4,2.49,1.91,,,,,,3,3,0,-1.91,55.8,64.95,,,54.56,1.44,0.49,286,15,20,17,13.89,34.69,8.4,3,1,22,3,18,163.7,71.39,21.6,32.37,131.37,67.14,1,Shandong Taishan 3-3 Wuhan Three Towns,2026-05-24
Qingdao West Coast,2.18,2.25,-0.07,2.09,1.02,1.07,0.09,0.47,-0.38,2.18,1.49,0.69,,,,,,3,2,1,1.07,39.4,39.53,,,49.72,0.54,1.06,132,12,12,21,22.22,19.81,11.09,6,9,22,7,15,82.6,34.74,78.73,94.25,111.5,59.1,1,Yunnan Yukun 2-3 Qingdao West Coast,2026-05-24
Yunnan Yukun,2.25,2.18,0.07,1.02,2.09,-1.07,0.47,0.09,0.38,1.49,2.18,-0.69,,,,,,2,3,-1,-1.07,60.6,60.47,,,51.09,1.06,0.54,251,22,21,12,19.81,22.22,5.95,9,6,32,6,10,155.2,65.26,4.8,5.75,77.17,40.9,2,Yunnan Yukun 2-3 Qingdao West Coast,2026-05-24
Chongqing Tonglianglong,0.24,0.82,-0.58,0.24,0.55,-0.31,0.0,0.27,-0.27,0.24,0.82,-0.58,,,,,,1,0,1,1.58,45.7,35.02,,,43.74,0.41,0.35,135,4,5,13,12.2,37.14,8.92,3,9,8,3,13,42.5,25.39,45.4,52.3,44.6,30.36,0,Qingdao Hainiu 0-1 Chongqing Tonglianglong,2026-05-24
Qingdao Hainiu,0.82,0.24,0.58,0.55,0.24,0.31,0.27,0.0,0.27,0.82,0.24,0.58,,,,,,0,1,-1,-1.58,54.3,64.98,,,51.46,0.35,0.41,229,9,13,5,37.14,12.2,7.21,9,3,26,8,20,124.9,74.61,41.4,47.7,102.3,69.64,3,Qingdao Hainiu 0-1 Chongqing Tonglianglong,2026-05-24
Chengdu Rongcheng,0.33,1.25,-0.92,0.22,0.84,-0.62,0.1,0.41,-0.31,0.33,1.25,-0.92,,,,,,0,2,-2,-1.08,62.1,60.87,,,46.62,0.25,0.57,239,6,5,13,20.0,22.81,7.81,6,3,15,5,17,80.6,51.4,12.07,9.37,31.7,18.68,1,Dalian Yingbo 2-0 Chengdu Rongcheng,2026-05-23
Dalian Yingbo,1.25,0.33,0.92,0.84,0.22,0.62,0.41,0.1,0.31,1.25,0.33,0.92,,,,,,2,0,2,1.08,37.9,39.13,,,45.55,0.57,0.25,123,11,13,5,22.81,20.0,12.71,3,6,10,3,10,76.2,48.6,116.8,90.63,138.0,81.32,1,Dalian Yingbo 2-0 Chengdu Rongcheng,2026-05-23
Henan,1.33,2.24,-0.91,1.0,2.14,-1.14,0.33,0.1,0.23,1.33,2.24,-0.91,,,,,,2,1,1,1.91,37.2,38.49,,,46.05,0.84,1.64,135,14,10,13,11.9,7.93,9.74,5,2,21,5,19,36.4,24.98,108.2,90.07,86.83,45.42,2,Beijing Guoan 1-2 Henan,2026-05-23
Beijing Guoan,2.24,1.33,0.91,2.14,1.0,1.14,0.1,0.33,-0.23,2.24,1.33,0.91,,,,,,1,2,-1,-1.91,62.8,61.51,,,48.05,1.64,0.84,233,16,13,10,7.93,11.9,6.97,2,5,30,4,19,109.3,75.02,11.93,9.93,104.33,54.58,1,Beijing Guoan 1-2 Henan,2026-05-23
Tianjin Jinmen Tiger,1.58,1.84,-0.26,0.77,1.55,-0.78,0.04,0.29,-0.25,0.82,1.84,-1.02,,,,,,1,1,0,0.26,43.1,37.09,,,41.79,0.34,0.91,154,5,11,12,32.35,13.19,19.59,2,8,8,3,10,65.3,32.29,54.4,63.06,63.1,33.52,0,Shanghai Port 1-1 Tianjin Jinmen Tiger,2026-05-23
Shanghai Port,1.84,1.58,0.26,1.55,0.77,0.78,0.29,0.04,0.25,1.84,0.82,1.02,,,,,,1,1,0,-0.26,56.9,62.91,,,46.92,0.91,0.34,237,14,12,11,13.19,32.35,12.61,8,2,22,4,8,136.9,67.71,31.87,36.94,125.17,66.48,3,Shanghai Port 1-1 Tianjin Jinmen Tiger,2026-05-23
Shandong Taishan,0.96,3.85,-2.89,0.92,3.67,-2.75,0.05,0.18,-0.13,0.96,3.85,-2.89,,,,,,1,4,-3,-0.11,46.3,49.69,,,49.25,0.78,1.46,200,8,9,23,11.54,15.75,11.15,7,3,13,4,8,42.7,24.1,65.73,69.04,49.63,36.84,0,Zhejiang 4-1 Shandong Taishan,2026-05-20
Zhejiang,3.85,0.96,2.89,3.67,0.92,2.75,0.18,0.05,0.13,3.85,0.96,2.89,,,,,,4,1,3,0.11,53.7,50.31,,,48.82,1.46,0.78,234,13,23,9,15.75,11.54,10.12,3,7,12,5,18,134.5,75.9,29.47,30.96,85.09,63.16,0,Zhejiang 4-1 Shandong Taishan,2026-05-20
Yunnan Yukun,0.28,1.32,-1.04,0.28,1.11,-0.83,0.0,0.21,-0.21,0.28,1.32,-1.04,,,,,,0,0,0,1.04,47.9,40.64,,,44.46,0.48,0.37,177,6,4,7,8.33,18.92,12.25,6,3,14,3,17,52.3,33.42,54.4,60.04,53.57,38.04,0,Chongqing Tonglianglong 0-0 Yunnan Yukun,2026-05-20
Chongqing Tonglianglong,1.32,0.28,1.04,1.11,0.28,0.83,0.21,0.0,0.21,1.32,0.28,1.04,,,,,,0,0,0,-1.04,52.1,59.36,,,49.5,0.37,0.48,245,6,7,4,18.92,8.33,12.84,3,6,17,6,11,104.2,66.58,36.2,39.96,87.27,61.96,1,Chongqing Tonglianglong 0-0 Yunnan Yukun,2026-05-20
Wuhan Three Towns,2.24,2.15,0.09,2.09,1.42,0.67,0.15,0.73,-0.58,2.24,2.15,0.09,,,,,,2,2,0,-0.09,57.0,60.69,,,49.87,1.38,0.89,269,22,20,15,14.49,16.85,11.46,3,3,32,4,16,198.3,70.02,25.73,26.29,144.57,59.67,1,Shanghai Shenhua 2-2 Wuhan Three Towns,2026-05-20
Shanghai Shenhua,2.15,2.24,-0.09,1.42,2.09,-0.67,0.73,0.15,0.58,2.15,2.24,-0.09,,,,,,2,2,0,0.09,43.0,39.31,,,46.97,0.89,1.38,162,18,15,20,16.85,14.49,17.95,3,3,18,4,9,84.9,29.98,72.13,73.71,97.73,40.33,1,Shanghai Shenhua 2-2 Wuhan Three Towns,2026-05-20
Qingdao Hainiu,1.74,3.07,-1.33,1.74,3.07,-1.33,0.0,0.0,0.0,1.74,3.07,-1.33,,,,,,1,2,-1,0.33,50.3,47.43,,,42.69,0.64,1.07,140,5,11,17,17.19,15.89,9.56,2,5,12,0,13,33.4,22.57,23.87,34.83,28.47,16.82,1,Liaoning Tieren 2-1 Qingdao Hainiu,2026-05-20
Liaoning Tieren,3.07,1.74,1.33,3.07,1.74,1.33,0.0,0.0,0.0,3.07,1.74,1.33,,,,,,2,1,1,-0.33,49.7,52.57,,,47.74,1.07,0.64,162,15,17,11,15.89,17.19,8.17,5,2,21,4,13,114.6,77.43,44.67,65.17,140.77,83.18,1,Liaoning Tieren 2-1 Qingdao Hainiu,2026-05-20
Shanghai Port,0.72,1.67,-0.95,0.72,1.59,-0.87,0.0,0.08,-0.08,0.72,1.67,-0.95,,,,,,1,0,1,1.95,43.2,40.38,,,48.27,0.31,0.79,172,9,3,18,9.68,22.78,11.57,6,5,10,2,21,46.3,28.53,76.33,80.75,77.7,50.86,0,Chengdu Rongcheng 0-1 Shanghai Port,2026-05-19
Chengdu Rongcheng,1.67,0.72,0.95,1.59,0.72,0.87,0.08,0.0,0.08,1.67,0.72,0.95,,,,,,0,1,-1,-1.95,56.8,59.62,,,45.73,0.79,0.31,205,17,18,3,22.78,9.68,7.23,5,6,30,6,8,116.0,71.47,18.2,19.25,75.07,49.14,7,Chengdu Rongcheng 0-1 Shanghai Port,2026-05-19
Beijing Guoan,2.23,0.67,1.56,1.61,0.64,0.97,0.62,0.03,0.59,2.23,0.67,1.56,,,,,,1,1,0,-1.56,69.7,69.7,,,55.12,1.44,0.37,445,28,18,8,12.5,21.62,8.27,6,1,32,9,12,286.3,85.69,3.53,1.73,145.53,58.3,1,Qingdao West Coast 1-1 Beijing Guoan,2026-05-19
Qingdao West Coast,0.67,2.23,-1.56,0.64,1.61,-0.97,0.03,0.62,-0.59,0.67,2.23,-1.56,,,,,,1,1,0,1.56,30.3,30.3,,,51.2,0.37,1.44,151,6,8,18,21.62,12.5,21.55,1,6,23,3,7,47.8,14.31,200.6,98.27,104.1,41.7,1,Qingdao West Coast 1-1 Beijing Guoan,2026-05-19
Dalian Yingbo,2.08,1.13,0.95,0.82,0.95,-0.13,0.51,0.18,0.33,1.32,1.13,0.19,,,,,,1,1,0,-0.95,38.0,37.4,,,47.44,0.66,0.44,117,16,14,15,21.21,34.09,10.61,3,2,19,7,18,57.7,37.15,62.13,75.9,97.33,72.93,0,Shenzhen Peng City 1-1 Dalian Yingbo,2026-05-19
Shenzhen Peng City,1.13,2.08,-0.95,0.95,0.82,0.13,0.18,0.51,-0.33,1.13,1.32,-0.19,,,,,,1,1,0,0.95,62.0,62.6,,,49.19,0.44,0.66,192,7,15,14,34.09,21.21,6.58,2,3,24,8,16,97.6,62.85,19.73,24.1,36.13,27.07,2,Shenzhen Peng City 1-1 Dalian Yingbo,2026-05-19
Henan,1.7,0.96,0.74,0.94,0.5,0.44,0.0,0.46,-0.46,0.94,0.96,-0.02,,,,,,2,1,1,0.26,48.6,46.45,,,46.28,0.61,0.26,165,8,8,9,13.11,34.62,12.21,2,5,12,1,15,77.4,48.34,73.27,67.92,96.03,70.82,3,Tianjin Jinmen Tiger 1-2 Henan,2026-05-19
Tianjin Jinmen Tiger,0.96,1.7,-0.74,0.5,0.94,-0.44,0.46,0.0,0.46,0.96,0.94,0.02,,,,,,1,2,-1,-0.26,51.4,53.55,,,46.95,0.26,0.61,199,10,9,8,34.62,13.11,11.72,5,2,21,4,14,82.7,51.66,34.6,32.08,39.57,29.18,1,Tianjin Jinmen Tiger 1-2 Henan,2026-05-19
Shanghai Shenhua,1.27,1.48,-0.21,1.11,1.39,-0.28,0.16,0.09,0.07,1.27,1.48,-0.21,,,,,,0,1,-1,-0.79,44.3,45.22,,,50.29,1.02,0.94,190,15,12,13,11.76,13.83,16.44,6,2,25,4,6,93.0,38.62,66.27,75.76,97.4,45.57,1,Yunnan Yukun 1-0 Shanghai Shenhua,2026-05-16
Yunnan Yukun,1.48,1.27,0.21,1.39,1.11,0.28,0.09,0.16,-0.07,1.48,1.27,0.21,,,,,,1,0,1,0.79,55.7,54.78,,,49.22,0.94,1.02,246,11,13,12,13.83,11.76,16.15,2,6,20,3,5,147.8,61.38,21.2,24.24,116.33,54.43,0,Yunnan Yukun 1-0 Shanghai Shenhua,2026-05-16
Chongqing Tonglianglong,1.57,1.89,-0.32,1.08,1.4,-0.32,0.49,0.49,0.0,1.57,1.89,-0.32,,,,,,1,3,-2,-1.68,42.5,23.41,,,39.17,0.19,0.48,117,4,8,15,42.11,31.25,18.23,0,6,8,4,10,12.8,5.2,67.87,53.92,3.87,1.28,0,Shandong Taishan 3-1 Chongqing Tonglianglong,2026-05-16
Shandong Taishan,1.89,1.57,0.32,1.4,1.08,0.32,0.49,0.49,0.0,1.89,1.57,0.32,,,,,,3,1,2,1.68,57.5,76.59,,,56.38,0.48,0.19,378,13,15,8,31.25,42.11,10.24,6,0,21,4,11,233.3,94.8,58.0,46.08,299.6,98.72,1,Shandong Taishan 3-1 Chongqing Tonglianglong,2026-05-16
Liaoning Tieren,1.59,1.72,-0.13,1.58,1.68,-0.1,0.01,0.04,-0.03,1.59,1.72,-0.13,,,,,,2,2,0,0.13,66.7,74.05,,,53.95,0.72,0.68,295,9,15,13,20.83,19.12,8.07,8,3,27,7,11,181.3,82.94,15.6,14.85,112.63,66.99,0,Wuhan Three Towns 2-2 Liaoning Tieren,2026-05-16
Wuhan Three Towns,1.72,1.59,0.13,1.68,1.58,0.1,0.04,0.01,0.03,1.72,1.59,0.13,,,,,,2,2,0,-0.13,33.3,25.95,,,41.1,0.68,0.72,70,9,13,15,19.12,20.83,18.68,3,8,16,3,5,37.3,17.06,89.47,85.15,55.5,33.01,0,Wuhan Three Towns 2-2 Liaoning Tieren,2026-05-16
Qingdao West Coast,2.33,2.54,-0.21,0.68,1.41,-0.73,0.14,1.13,-0.99,0.81,2.54,-1.73,,,,,,3,2,1,1.21,32.2,25.54,,,47.19,0.13,1.46,108,8,11,26,84.62,17.81,9.46,4,5,10,2,15,26.8,10.34,105.53,94.34,57.93,36.49,0,Dalian Yingbo 2-3 Qingdao West Coast,2026-05-15
Dalian Yingbo,2.54,2.33,0.21,1.41,0.68,0.73,1.13,0.14,0.99,2.54,0.81,1.73,,,,,,2,3,-1,-1.21,67.8,74.46,,,55.78,1.46,0.13,361,38,26,11,17.81,84.62,5.86,5,4,39,7,16,232.5,89.66,6.33,5.66,100.83,63.51,4,Dalian Yingbo 2-3 Qingdao West Coast,2026-05-15
Qingdao Hainiu,1.63,4.2,-2.57,1.57,3.44,-1.87,0.07,0.0,0.07,1.63,3.44,-1.81,,,,,,2,4,-2,0.57,34.5,34.21,,,41.88,0.55,0.92,112,8,10,22,18.18,23.91,12.13,4,2,9,2,24,35.8,17.43,130.73,98.0,44.27,16.82,0,Beijing Guoan 4-2 Qingdao Hainiu,2026-05-15
Beijing Guoan,4.2,1.63,2.57,3.44,1.57,1.87,0.0,0.07,-0.07,3.44,1.63,1.81,,,,,,4,2,2,-0.57,65.5,65.79,,,45.53,0.92,0.55,259,17,22,10,23.91,18.18,6.87,2,4,18,1,14,169.6,82.57,2.67,2.0,218.86,83.18,0,Beijing Guoan 4-2 Qingdao Hainiu,2026-05-15
Chengdu Rongcheng,1.8,0.71,1.09,1.53,0.71,0.82,0.27,0.0,0.27,1.8,0.71,1.09,,,,,,2,1,1,-0.09,52.5,56.79,,,48.59,1.2,0.2,245,12,12,10,10.0,50.0,13.23,9,3,17,5,10,132.6,68.42,62.13,44.53,122.27,71.29,3,Tianjin Jinmen Tiger 1-2 Chengdu Rongcheng,2026-05-15
Tianjin Jinmen Tiger,0.71,1.8,-1.09,0.71,1.53,-0.82,0.0,0.27,-0.27,0.71,1.8,-1.09,,,,,,1,2,-1,0.09,47.5,43.21,,,42.09,0.2,1.2,163,5,10,12,50.0,10.0,17.08,3,9,15,3,10,61.2,31.58,77.4,55.47,49.23,28.71,2,Tianjin Jinmen Tiger 1-2 Chengdu Rongcheng,2026-05-15
Shenzhen Peng City,0.25,1.93,-1.68,0.25,1.82,-1.57,0.0,0.11,-0.11,0.25,1.93,-1.68,,,,,,0,1,-1,0.68,39.3,38.76,,,47.51,0.45,1.48,128,9,6,21,13.33,14.19,12.38,1,2,14,3,16,18.6,10.19,63.67,69.61,29.57,16.6,3,Henan 1-0 Shenzhen Peng City,2026-05-15
Henan,1.93,0.25,1.68,1.82,0.25,1.57,0.11,0.0,0.11,1.93,0.25,1.68,,,,,,1,0,1,-0.68,60.7,61.24,,,51.63,1.48,0.45,242,21,21,6,14.19,13.33,10.43,2,1,38,9,7,164.0,89.81,27.8,30.39,148.6,83.4,8,Henan 1-0 Shenzhen Peng City,2026-05-15
Zhejiang,2.56,1.0,1.56,2.54,0.78,1.76,0.03,0.21,-0.18,2.56,1.0,1.56,,,,,,2,2,0,-1.56,36.5,30.74,,,44.4,0.42,1.17,110,7,10,10,23.81,8.55,10.07,7,5,9,2,17,54.4,28.41,89.67,79.73,86.4,48.78,1,Shanghai Port 2-2 Zhejiang,2026-05-15
Shanghai Port,1.0,2.56,-1.56,0.78,2.54,-1.76,0.21,0.03,0.18,1.0,2.56,-1.56,,,,,,2,2,0,1.56,63.5,69.26,,,52.61,1.17,0.42,305,21,10,10,8.55,23.81,5.87,5,7,20,5,16,137.1,71.59,22.8,20.27,90.73,51.22,1,Shanghai Port 2-2 Zhejiang,2026-05-15
Dalian Yingbo,1.43,2.32,-0.89,1.23,1.82,-0.59,0.2,0.5,-0.3,1.43,2.32,-0.89,,,,,,1,3,-2,-1.11,58.5,51.93,,,45.57,1.22,0.6,194,20,13,14,10.66,23.33,6.74,8,6,11,7,15,80.1,57.3,33.2,35.78,51.43,29.99,3,Qingdao Hainiu 3-1 Dalian Yingbo,2026-05-10
Qingdao Hainiu,2.32,1.43,0.89,1.82,1.23,0.59,0.5,0.2,0.3,2.32,1.43,0.89,,,,,,3,1,2,1.11,41.5,48.07,,,44.67,0.6,1.22,139,9,14,13,23.33,10.66,10.28,6,8,13,7,15,59.7,42.7,59.6,64.22,120.07,70.01,0,Qingdao Hainiu 3-1 Dalian Yingbo,2026-05-10
Tianjin Jinmen Tiger,2.1,1.98,0.12,1.33,1.83,-0.5,0.01,0.15,-0.14,1.34,1.98,-0.64,,,,,,1,1,0,-0.12,39.2,39.73,,,43.36,0.28,0.51,124,10,14,17,50.0,33.33,10.63,6,3,17,3,15,50.2,27.28,50.8,66.96,56.33,32.18,0,Zhejiang 1-1 Tianjin Jinmen Tiger,2026-05-10
Zhejiang,1.98,2.1,-0.12,1.83,1.33,0.5,0.15,0.01,0.14,1.98,1.34,0.64,,,,,,1,1,0,0.12,60.8,60.27,,,50.49,0.51,0.28,274,12,17,14,33.33,50.0,7.97,3,6,12,6,15,133.8,72.72,25.07,33.04,118.7,67.82,1,Zhejiang 1-1 Tianjin Jinmen Tiger,2026-05-10
Shanghai Port,1.48,3.07,-1.59,0.72,2.24,-1.52,0.0,0.06,-0.06,0.72,2.31,-1.59,,,,,,2,2,0,1.59,35.9,32.38,,,43.74,0.33,0.75,121,6,5,15,15.15,20.0,15.0,6,3,3,0,20,20.7,13.35,99.93,85.03,70.7,43.87,1,Beijing Guoan 2-2 Shanghai Port,2026-05-10
Beijing Guoan,3.07,1.48,1.59,2.24,0.72,1.52,0.06,0.0,0.06,2.31,0.72,1.59,,,,,,2,2,0,-1.59,64.1,67.62,,,45.74,0.75,0.33,245,17,15,5,20.0,15.15,7.26,3,6,26,8,9,134.3,86.65,17.6,14.97,90.47,56.13,1,Beijing Guoan 2-2 Shanghai Port,2026-05-10
Yunnan Yukun,2.26,2.03,0.23,2.21,1.92,0.29,0.05,0.11,-0.06,2.26,2.03,0.23,,,,,,2,1,1,0.77,52.5,55.16,,,48.92,0.76,0.72,224,11,12,13,15.79,18.06,13.6,2,5,17,4,9,119.1,56.88,45.73,48.17,120.27,71.25,0,Liaoning Tieren 1-2 Yunnan Yukun,2026-05-10
Liaoning Tieren,2.03,2.26,-0.23,1.92,2.21,-0.29,0.11,0.05,0.06,2.03,2.26,-0.23,,,,,,1,2,-1,-0.77,47.5,44.84,,,45.96,0.72,0.76,170,7,13,12,18.06,15.79,10.82,5,2,29,4,13,90.3,43.12,49.2,51.83,48.53,28.75,0,Liaoning Tieren 1-2 Yunnan Yukun,2026-05-10
Shandong Taishan,2.27,1.16,1.11,2.08,1.07,1.01,0.19,0.1,0.09,2.27,1.16,1.11,,,,,,2,1,1,-0.11,48.0,50.64,,,53.97,0.69,0.91,220,18,13,12,18.84,13.19,9.57,5,7,20,4,17,123.0,62.98,47.07,55.86,138.23,75.21,0,Shenzhen Peng City 1-2 Shandong Taishan,2026-05-10
Shenzhen Peng City,1.16,2.27,-1.11,1.07,2.08,-1.01,0.1,0.19,-0.09,1.16,2.27,-1.11,,,,,,1,2,-1,0.11,52.0,49.36,,,47.62,0.91,0.69,187,19,12,13,13.19,18.84,9.23,7,5,29,8,12,72.3,37.02,37.2,44.14,45.57,24.79,3,Shenzhen Peng City 1-2 Shandong Taishan,2026-05-10
Wuhan Three Towns,1.2,1.53,-0.33,0.27,1.48,-1.21,0.17,0.06,0.11,0.44,1.53,-1.09,,,,,,1,1,0,0.33,54.1,54.26,,,48.42,0.68,0.42,196,9,8,11,11.76,26.19,8.77,5,3,23,5,18,101.2,59.01,31.07,43.8,77.97,53.1,1,Qingdao West Coast 1-1 Wuhan Three Towns,2026-05-10
Qingdao West Coast,1.53,1.2,0.33,1.48,0.27,1.21,0.06,0.17,-0.11,1.53,0.44,1.09,,,,,,1,1,0,-0.33,45.9,45.74,,,48.93,0.42,0.68,163,12,11,8,26.19,11.76,10.06,3,5,25,3,10,70.3,40.99,39.87,56.2,68.87,46.9,1,Qingdao West Coast 1-1 Wuhan Three Towns,2026-05-10
Henan,1.24,2.82,-1.58,0.24,1.27,-1.03,0.24,1.55,-1.31,0.48,2.82,-2.34,,,,,,0,3,-3,-1.42,49.1,42.7,,,44.28,0.73,0.97,155,9,8,13,10.96,13.4,11.54,4,11,18,4,11,59.2,32.55,39.93,37.96,35.32,16.33,2,Chengdu Rongcheng 3-0 Henan,2026-05-09
Chengdu Rongcheng,2.82,1.24,1.58,1.27,0.24,1.03,1.55,0.24,1.31,2.82,0.48,2.34,,,,,,3,0,3,1.42,50.9,57.3,,,48.05,0.97,0.73,186,12,13,8,13.4,10.96,9.11,11,4,19,9,16,122.7,67.45,65.27,62.04,181.01,83.67,1,Chengdu Rongcheng 3-0 Henan,2026-05-09
Chongqing Tonglianglong,1.56,2.25,-0.69,0.7,1.46,-0.76,0.1,0.8,-0.7,0.8,2.25,-1.45,,,,,,2,2,0,0.69,37.2,17.28,,,43.92,0.03,1.56,138,4,8,20,266.67,12.82,15.92,1,3,3,2,11,13.2,4.03,91.8,79.87,30.87,17.87,0,Shanghai Shenhua 2-2 Chongqing Tonglianglong,2026-05-09
Shanghai Shenhua,2.25,1.56,0.69,1.46,0.7,0.76,0.8,0.1,0.7,2.25,0.8,1.45,,,,,,2,2,0,-0.69,62.8,82.72,,,59.57,1.56,0.03,446,28,20,8,12.82,266.67,8.84,3,1,58,11,18,314.4,95.97,23.13,20.13,141.9,82.13,0,Shanghai Shenhua 2-2 Chongqing Tonglianglong,2026-05-09
Zhejiang,2.46,1.99,0.47,0.94,1.84,-0.9,0.0,0.15,-0.15,0.94,1.99,-1.05,,,,,,2,1,1,0.53,53.9,60.08,,,49.2,0.85,1.03,222,9,13,10,15.29,9.71,8.22,1,3,20,2,17,102.3,68.29,28.87,43.88,85.9,66.81,0,Yunnan Yukun 1-2 Zhejiang,2026-05-06
Yunnan Yukun,1.99,2.46,-0.47,1.84,0.94,0.9,0.15,0.0,0.15,1.99,0.94,1.05,,,,,,1,2,-1,-0.53,46.1,39.92,,,41.16,1.03,0.85,128,10,10,13,9.71,15.29,13.14,3,1,12,4,21,47.5,31.71,36.93,56.12,42.67,33.19,1,Yunnan Yukun 1-2 Zhejiang,2026-05-06
Dalian Yingbo,0.62,4.23,-3.61,0.5,1.81,-1.31,0.12,1.67,-1.55,0.62,3.47,-2.85,,,,,,0,3,-3,0.61,42.5,45.99,,,47.77,0.51,0.91,190,7,9,17,17.65,18.68,10.29,6,1,17,2,20,66.1,30.72,104.6,68.73,74.8,42.0,2,Beijing Guoan 3-0 Dalian Yingbo,2026-05-06
Beijing Guoan,4.23,0.62,3.61,1.81,0.5,1.31,1.67,0.12,1.55,3.47,0.62,2.85,,,,,,3,0,3,-0.61,57.5,54.01,,,49.54,0.91,0.51,257,14,17,9,18.68,17.65,8.55,1,6,15,4,12,149.1,69.28,47.6,31.27,103.3,58.0,1,Beijing Guoan 3-0 Dalian Yingbo,2026-05-06
Shenzhen Peng City,1.13,1.22,-0.09,0.42,1.2,-0.78,0.72,0.02,0.7,1.13,1.22,-0.09,,,,,,1,1,0,0.09,34.9,33.23,,,45.44,0.29,0.8,119,6,8,13,27.59,16.25,10.05,8,5,14,4,15,29.3,13.79,115.33,91.1,65.93,41.05,1,Shanghai Port 1-1 Shenzhen Peng City,2026-05-06
Shanghai Port,1.22,1.13,0.09,1.2,0.42,0.78,0.02,0.72,-0.7,1.22,1.13,0.09,,,,,,1,1,0,-0.09,65.1,66.77,,,51.36,0.8,0.29,284,17,13,8,16.25,27.59,6.97,5,8,39,5,14,183.1,86.21,11.27,8.9,94.67,58.95,1,Shanghai Port 1-1 Shenzhen Peng City,2026-05-06
Qingdao Hainiu,3.22,1.58,1.64,2.99,1.49,1.5,0.24,0.09,0.15,3.22,1.58,1.64,,,,,,3,1,2,0.36,52.4,57.41,,,52.16,0.41,0.91,203,14,16,11,39.02,12.09,7.41,4,3,20,10,12,106.7,74.41,27.6,45.49,106.53,81.61,1,Wuhan Three Towns 1-3 Qingdao Hainiu,2026-05-06
Wuhan Three Towns,1.58,3.22,-1.64,1.49,2.99,-1.5,0.09,0.24,-0.15,1.58,3.22,-1.64,,,,,,1,3,-2,-0.36,47.6,42.59,,,45.41,0.91,0.41,123,12,11,16,12.09,39.02,12.5,3,4,23,6,10,36.7,25.59,33.07,54.51,24.0,18.39,3,Wuhan Three Towns 1-3 Qingdao Hainiu,2026-05-06
Henan,0.88,1.32,-0.44,0.09,1.3,-1.21,0.02,0.02,0.0,0.12,1.32,-1.2,,,,,,1,1,0,0.44,53.7,45.53,,,43.61,0.48,0.15,170,10,4,11,8.33,73.33,10.88,4,5,21,5,18,63.4,47.99,41.4,41.37,54.6,41.59,0,Chongqing Tonglianglong 1-1 Henan,2026-05-05
Chongqing Tonglianglong,1.32,0.88,0.44,1.3,0.09,1.21,0.02,0.02,0.0,1.32,0.12,1.2,,,,,,1,1,0,-0.44,46.3,54.47,,,47.67,0.15,0.48,179,3,11,4,73.33,8.33,11.46,5,4,13,2,10,68.7,52.01,58.67,58.63,76.67,58.41,1,Chongqing Tonglianglong 1-1 Henan,2026-05-05
Chengdu Rongcheng,2.16,0.65,1.51,1.66,0.65,1.01,0.5,0.0,0.5,2.16,0.65,1.51,,,,,,1,0,1,-0.51,69.1,79.44,,,53.85,1.27,0.28,377,21,17,5,13.39,17.86,6.2,10,2,35,10,16,263.7,91.56,4.33,3.04,148.53,77.81,5,Liaoning Tieren 0-1 Chengdu Rongcheng,2026-05-05
Liaoning Tieren,0.65,2.16,-1.51,0.65,1.66,-1.01,0.0,0.5,-0.5,0.65,2.16,-1.51,,,,,,0,1,-1,0.51,30.9,20.56,,,42.64,0.28,1.27,107,6,5,17,17.86,13.39,25.56,2,10,11,3,7,24.3,8.44,138.07,96.96,42.37,22.19,0,Liaoning Tieren 0-1 Chengdu Rongcheng,2026-05-05
Shanghai Shenhua,2.16,2.31,-0.15,2.07,2.27,-0.2,0.09,0.05,0.04,2.16,2.31,-0.15,,,,,,1,4,-3,-2.85,53.2,43.87,,,47.68,0.66,0.49,220,14,10,20,15.15,40.82,9.56,5,7,21,3,12,64.7,30.82,43.93,37.34,27.44,9.24,2,Shandong Taishan 4-1 Shanghai Shenhua,2026-05-05
Shandong Taishan,2.31,2.16,0.15,2.27,2.07,0.2,0.05,0.09,-0.04,2.31,2.16,0.15,,,,,,4,1,3,2.85,46.8,56.13,,,53.21,0.49,0.66,255,12,20,10,40.82,15.15,13.33,7,5,17,6,12,145.2,69.18,73.73,62.66,269.61,90.76,0,Shandong Taishan 4-1 Shanghai Shenhua,2026-05-05
Tianjin Jinmen Tiger,0.85,2.73,-1.88,0.8,1.79,-0.99,0.05,0.18,-0.13,0.85,1.97,-1.12,,,,,,1,1,0,1.88,36.8,26.62,,,38.58,0.22,1.0,102,2,7,14,31.82,14.0,15.43,3,4,11,3,13,25.6,12.15,89.6,79.24,44.43,25.0,0,Qingdao West Coast 1-1 Tianjin Jinmen Tiger,2026-05-05
Qingdao West Coast,2.73,0.85,1.88,1.79,0.8,0.99,0.18,0.05,0.13,1.97,0.85,1.12,,,,,,1,1,0,-1.88,63.2,73.38,,,52.47,1.0,0.22,311,23,14,7,14.0,31.82,8.82,4,3,26,7,15,185.1,87.85,23.47,20.76,133.3,75.0,2,Qingdao West Coast 1-1 Tianjin Jinmen Tiger,2026-05-05
Beijing Guoan,2.04,1.09,0.95,1.23,1.05,0.18,0.05,0.03,0.02,1.28,1.09,0.19,,,,,,3,3,0,-0.95,52.1,55.27,,,50.15,0.61,0.95,242,16,11,12,18.03,12.63,13.88,2,6,22,8,7,104.9,59.67,41.07,46.42,110.17,67.31,2,Yunnan Yukun 3-3 Beijing Guoan,2026-05-02
Yunnan Yukun,1.09,2.04,-0.95,1.05,1.23,-0.18,0.03,0.05,-0.02,1.09,1.28,-0.19,,,,,,3,3,0,0.95,47.9,44.73,,,47.52,0.95,0.61,194,10,12,11,12.63,18.03,21.35,6,2,19,5,9,70.9,40.33,47.4,53.58,53.5,32.69,3,Yunnan Yukun 3-3 Beijing Guoan,2026-05-02
Shenzhen Peng City,1.14,3.5,-2.36,1.02,2.19,-1.17,0.12,0.56,-0.44,1.14,2.74,-1.6,,,,,,1,2,-1,1.36,45.7,50.53,,,48.89,0.86,0.59,149,13,9,16,10.47,27.12,8.5,2,2,27,9,12,80.0,42.64,62.2,72.83,108.37,52.52,3,Zhejiang 2-1 Shenzhen Peng City,2026-05-02
Zhejiang,3.5,1.14,2.36,2.19,1.02,1.17,0.56,0.12,0.44,2.74,1.14,1.6,,,,,,2,1,1,-1.36,54.3,49.47,,,47.88,0.59,0.86,178,14,16,9,27.12,10.47,10.96,2,2,24,6,13,107.6,57.36,23.2,27.17,97.97,47.48,1,Zhejiang 2-1 Shenzhen Peng City,2026-05-02
Shanghai Port,2.01,2.79,-0.78,1.45,2.79,-1.34,0.55,0.0,0.55,2.01,2.79,-0.78,,,,,,1,3,-2,-1.22,63.9,66.15,,,49.14,0.86,0.58,234,13,11,11,12.79,18.97,5.52,7,4,19,5,16,114.1,73.61,8.93,10.48,60.5,43.48,2,Qingdao Hainiu 3-1 Shanghai Port,2026-05-02
Qingdao Hainiu,2.79,2.01,0.78,2.79,1.45,1.34,0.0,0.55,-0.55,2.79,2.01,0.78,,,,,,3,1,2,1.22,36.1,33.85,,,41.53,0.58,0.86,100,7,11,11,18.97,12.79,12.94,4,7,11,1,15,40.9,26.39,76.27,89.52,78.63,56.52,0,Qingdao Hainiu 3-1 Shanghai Port,2026-05-02
Chengdu Rongcheng,1.24,2.53,-1.29,1.13,2.24,-1.11,0.11,0.29,-0.18,1.24,2.53,-1.29,,,,,,3,2,1,2.29,61.2,62.07,,,52.2,1.3,0.65,319,19,11,21,8.46,32.31,7.69,8,4,30,4,10,116.2,61.45,13.73,15.56,76.3,37.67,4,Shanghai Shenhua 2-3 Chengdu Rongcheng,2026-05-01
Shanghai Shenhua,2.53,1.24,1.29,2.24,1.13,1.11,0.29,0.11,0.18,2.53,1.24,1.29,,,,,,2,3,-1,-2.29,38.8,37.93,,,46.61,0.65,1.3,137,15,21,11,32.31,8.46,10.97,4,8,23,10,17,72.9,38.55,74.53,84.44,126.27,62.33,0,Shanghai Shenhua 2-3 Chengdu Rongcheng,2026-05-01
Qingdao West Coast,1.31,1.5,-0.19,1.18,1.35,-0.17,0.13,0.15,-0.02,1.31,1.5,-0.19,,,,,,1,1,0,0.19,40.0,38.6,,,49.16,0.61,1.28,144,10,10,20,16.39,15.62,10.12,2,9,21,6,17,61.4,26.74,57.2,71.62,71.87,38.64,0,Shandong Taishan 1-1 Qingdao West Coast,2026-05-01
Shandong Taishan,1.5,1.31,0.19,1.35,1.18,0.17,0.15,0.13,0.02,1.5,1.31,0.19,,,,,,1,1,0,-0.19,60.0,61.4,,,52.01,1.28,0.61,244,18,20,10,15.62,16.39,5.04,9,2,18,5,22,168.2,73.26,22.67,28.38,114.13,61.36,1,Shandong Taishan 1-1 Qingdao West Coast,2026-05-01
Wuhan Three Towns,1.44,1.19,0.25,1.4,0.36,1.04,0.03,0.07,-0.04,1.44,0.43,1.01,,,,,,2,2,0,-0.25,42.8,46.21,,,44.04,0.17,1.09,148,5,8,9,47.06,8.26,15.81,1,10,10,3,12,61.6,41.43,82.8,86.13,110.57,70.58,3,Tianjin Jinmen Tiger 2-2 Wuhan Three Towns,2026-05-01
Tianjin Jinmen Tiger,1.19,1.44,-0.25,0.36,1.4,-1.04,0.07,0.03,0.04,0.43,1.44,-1.01,,,,,,2,2,0,0.25,57.2,53.79,,,46.59,1.09,0.17,217,12,9,8,8.26,47.06,7.57,10,1,25,6,14,87.1,58.57,13.33,13.87,46.1,29.42,0,Tianjin Jinmen Tiger 2-2 Wuhan Three Towns,2026-05-01
Chongqing Tonglianglong,0.26,0.66,-0.4,0.23,0.53,-0.3,0.03,0.13,-0.1,0.26,0.66,-0.4,,,,,,0,1,-1,-0.6,52.7,35.68,,,44.31,0.16,0.45,178,2,6,10,37.5,22.22,10.62,8,4,7,3,14,32.3,22.89,26.47,27.59,18.4,10.65,1,Dalian Yingbo 1-0 Chongqing Tonglianglong,2026-05-01
Dalian Yingbo,0.66,0.26,0.4,0.53,0.23,0.3,0.13,0.03,0.1,0.66,0.26,0.4,,,,,,1,0,1,0.6,47.3,64.32,,,47.41,0.45,0.16,178,10,10,6,22.22,37.5,9.02,4,8,29,8,15,108.8,77.11,69.47,72.41,154.4,89.35,0,Dalian Yingbo 1-0 Chongqing Tonglianglong,2026-05-01
Liaoning Tieren,0.82,1.97,-1.15,0.71,1.59,-0.88,0.12,0.38,-0.26,0.82,1.97,-1.15,,,,,,0,4,-4,-2.85,54.3,52.43,,,47.23,0.48,0.24,204,8,8,10,16.67,41.67,10.15,0,6,21,4,9,88.8,53.14,40.53,44.64,44.52,22.68,0,Henan 4-0 Liaoning Tieren,2026-05-01
Henan,1.97,0.82,1.15,1.59,0.71,0.88,0.38,0.12,0.26,1.97,0.82,1.15,,,,,,4,0,4,2.85,45.7,47.57,,,47.89,0.24,0.48,191,12,10,8,41.67,16.67,11.38,6,0,14,4,14,78.3,46.86,50.27,55.36,151.78,77.32,1,Henan 4-0 Liaoning Tieren,2026-05-01
Shanghai Shenhua,2.63,0.94,1.69,1.66,0.89,0.77,0.21,0.06,0.15,1.87,0.94,0.93,,,,,,3,0,3,1.31,41.6,36.63,,,46.62,0.6,0.59,155,12,12,9,20.0,15.25,18.55,2,2,14,3,9,58.6,37.21,79.2,79.2,128.43,76.56,0,Henan 0-3 Shanghai Shenhua,2026-04-26
Henan,0.94,2.63,-1.69,0.89,1.66,-0.77,0.06,0.21,-0.15,0.94,1.87,-0.93,,,,,,0,3,-3,-1.31,58.4,63.37,,,49.74,0.59,0.6,277,10,9,12,15.25,20.0,10.97,2,2,30,11,9,98.9,62.79,20.8,20.8,39.33,23.44,1,Henan 0-3 Shanghai Shenhua,2026-04-26
Yunnan Yukun,2.42,2.72,-0.3,2.42,1.76,0.66,0.0,0.21,-0.21,2.42,1.96,0.46,,,,,,3,1,2,2.3,50.2,38.58,,,42.59,0.5,0.87,145,5,9,23,18.0,26.44,10.41,0,7,10,1,18,26.6,17.92,21.67,26.15,50.87,36.03,3,Dalian Yingbo 1-3 Yunnan Yukun,2026-04-26
Dalian Yingbo,2.72,2.42,0.3,1.76,2.42,-0.66,0.21,0.0,0.21,1.96,2.42,-0.46,,,,,,1,3,-2,-2.3,49.8,61.42,,,51.78,0.87,0.5,211,19,23,9,26.44,18.0,7.7,7,0,35,13,15,121.8,82.08,61.2,73.85,90.3,63.97,1,Dalian Yingbo 1-3 Yunnan Yukun,2026-04-26
Qingdao West Coast,1.08,1.02,0.06,1.03,0.88,0.15,0.04,0.13,-0.09,1.08,1.02,0.06,,,,,,1,1,0,-0.06,41.9,50.36,,,51.62,0.29,0.15,186,8,6,7,20.69,46.67,9.82,4,4,9,2,18,66.3,49.37,84.93,82.46,111.27,75.76,3,Chongqing Tonglianglong 1-1 Qingdao West Coast,2026-04-26
Chongqing Tonglianglong,1.02,1.08,-0.06,0.88,1.03,-0.15,0.13,0.04,0.09,1.02,1.08,-0.06,,,,,,1,1,0,0.06,58.1,49.64,,,47.74,0.15,0.29,237,4,7,6,46.67,20.69,6.3,4,4,15,3,21,68.0,50.63,18.07,17.54,35.6,24.24,0,Chongqing Tonglianglong 1-1 Qingdao West Coast,2026-04-26
Liaoning Tieren,0.89,0.96,-0.07,0.7,0.75,-0.05,0.19,0.21,-0.02,0.89,0.96,-0.07,,,,,,0,1,-1,-0.93,63.4,63.04,,,49.36,0.34,0.2,284,12,12,9,35.29,45.0,7.94,4,1,35,8,15,128.4,77.12,21.4,18.87,69.33,50.73,1,Shenzhen Peng City 1-0 Liaoning Tieren,2026-04-26
Shenzhen Peng City,0.96,0.89,0.07,0.75,0.7,0.05,0.21,0.19,0.02,0.96,0.89,0.07,,,,,,1,0,1,0.93,36.6,36.96,,,45.44,0.2,0.34,129,5,9,12,45.0,35.29,17.23,1,4,7,1,12,38.1,22.88,92.0,81.13,67.33,49.27,1,Shenzhen Peng City 1-0 Liaoning Tieren,2026-04-26
Shandong Taishan,1.35,3.22,-1.87,1.28,2.83,-1.55,0.07,0.38,-0.31,1.35,3.22,-1.87,,,,,,1,4,-3,-1.13,57.6,61.59,,,50.7,0.87,1.24,232,22,14,12,16.09,9.68,6.76,4,3,26,6,15,120.9,68.81,21.53,31.92,86.29,44.38,0,Qingdao Hainiu 4-1 Shandong Taishan,2026-04-26
Qingdao Hainiu,3.22,1.35,1.87,2.83,1.28,1.55,0.38,0.07,0.31,3.22,1.35,1.87,,,,,,4,1,3,1.13,42.4,38.41,,,47.75,1.24,0.87,159,10,12,14,9.68,16.09,13.92,3,4,11,4,10,54.8,31.19,45.93,68.08,108.13,55.62,0,Qingdao Hainiu 4-1 Shandong Taishan,2026-04-26
Wuhan Three Towns,0.41,3.1,-2.69,0.41,2.7,-2.29,0.0,0.4,-0.4,0.41,3.1,-2.69,,,,,,0,4,-4,-1.31,40.3,50.89,,,44.89,0.51,0.52,137,8,6,14,11.76,26.92,11.73,9,3,12,3,22,40.9,31.2,87.2,88.2,45.17,24.47,1,Shanghai Port 4-0 Wuhan Three Towns,2026-04-25
Shanghai Port,3.1,0.41,2.69,2.7,0.41,2.29,0.4,0.0,0.4,3.1,0.41,2.69,,,,,,4,0,4,1.31,59.7,49.11,,,42.29,0.52,0.51,194,7,14,6,26.92,11.76,7.97,3,9,11,3,14,90.2,68.8,11.67,11.8,139.45,75.53,0,Shanghai Port 4-0 Wuhan Three Towns,2026-04-25
Tianjin Jinmen Tiger,1.79,2.75,-0.96,1.79,1.52,0.27,0.0,1.23,-1.23,1.79,2.75,-0.96,,,,,,4,2,2,2.96,24.3,12.81,,,36.28,0.36,1.04,61,6,10,21,27.78,20.19,36.17,1,11,3,3,9,11.1,2.84,115.6,91.02,30.57,15.5,1,Beijing Guoan 2-4 Tianjin Jinmen Tiger,2026-04-25
Beijing Guoan,2.75,1.79,0.96,1.52,1.79,-0.27,1.23,0.0,1.23,2.75,1.79,0.96,,,,,,2,4,-2,-2.96,75.7,87.19,,,60.29,1.04,0.36,535,31,21,10,20.19,27.78,5.2,11,1,51,17,14,379.7,97.16,11.4,8.98,166.67,84.5,2,Beijing Guoan 2-4 Tianjin Jinmen Tiger,2026-04-25
Zhejiang,0.65,2.74,-2.09,0.58,2.7,-2.12,0.08,0.04,0.04,0.65,2.74,-2.09,,,,,,0,4,-4,-1.91,42.2,40.53,,,46.65,0.56,1.21,178,8,12,16,21.43,13.22,13.84,2,2,17,3,15,64.7,27.25,67.07,58.32,26.68,8.58,0,Chengdu Rongcheng 4-0 Zhejiang,2026-04-25
Chengdu Rongcheng,2.74,0.65,2.09,2.7,0.58,2.12,0.04,0.08,-0.04,2.74,0.65,2.09,,,,,,4,0,4,1.91,57.8,59.47,,,46.04,1.21,0.56,202,18,16,12,13.22,21.43,10.12,2,2,11,2,11,172.7,72.75,47.93,41.68,284.27,91.42,1,Chengdu Rongcheng 4-0 Zhejiang,2026-04-25
Qingdao Hainiu,0.56,4.71,-4.15,0.56,4.55,-3.99,0.0,0.16,-0.16,0.56,4.71,-4.15,,,,,,0,2,-2,2.15,43.6,37.46,,,47.97,0.3,1.38,182,3,10,21,33.33,15.22,12.39,2,9,23,4,9,43.8,19.14,65.47,62.79,39.2,15.54,1,Shanghai Shenhua 2-0 Qingdao Hainiu,2026-04-22
Shanghai Shenhua,4.71,0.56,4.15,4.55,0.56,3.99,0.16,0.0,0.16,4.71,0.56,4.15,,,,,,2,0,2,-2.15,56.4,62.54,,,53.54,1.38,0.3,295,28,21,10,15.22,33.33,8.76,9,2,29,9,19,185.0,80.86,38.8,37.21,213.0,84.46,1,Shanghai Shenhua 2-0 Qingdao Hainiu,2026-04-22
Henan,0.31,0.42,-0.11,0.29,0.4,-0.11,0.02,0.03,-0.01,0.31,0.42,-0.11,,,,,,0,0,0,0.11,55.1,57.69,,,47.3,0.54,0.27,197,12,7,6,12.96,22.22,7.98,3,5,15,3,12,94.7,72.12,19.67,23.87,63.23,56.74,0,Qingdao West Coast 0-0 Henan,2026-04-22
Qingdao West Coast,0.42,0.31,0.11,0.4,0.29,0.11,0.03,0.02,0.01,0.42,0.31,0.11,,,,,,0,0,0,-0.11,44.9,42.31,,,45.12,0.27,0.54,148,4,6,7,22.22,12.96,10.65,5,3,13,4,18,36.6,27.88,62.73,76.13,48.2,43.26,1,Qingdao West Coast 0-0 Henan,2026-04-22
Dalian Yingbo,1.27,1.13,0.14,1.26,1.13,0.13,0.02,0.0,0.02,1.27,1.13,0.14,,,,,,1,0,1,0.86,44.6,54.32,,,50.38,0.42,0.52,190,8,11,6,26.19,11.54,10.46,5,1,19,6,12,108.9,68.32,69.8,78.84,142.33,88.18,2,Liaoning Tieren 0-1 Dalian Yingbo,2026-04-22
Liaoning Tieren,1.13,1.27,-0.14,1.13,1.26,-0.13,0.0,0.02,-0.02,1.13,1.27,-0.14,,,,,,0,1,-1,-0.86,55.4,45.68,,,46.87,0.52,0.42,188,12,6,11,11.54,26.19,9.83,1,5,18,4,15,50.5,31.68,18.73,21.16,19.07,11.82,1,Liaoning Tieren 0-1 Dalian Yingbo,2026-04-22
Shandong Taishan,1.59,1.84,-0.25,1.54,0.64,0.9,0.06,0.44,-0.38,1.59,1.08,0.51,,,,,,2,1,1,1.25,51.2,61.69,,,55.11,1.23,0.33,299,16,11,11,8.94,33.33,12.33,3,3,24,6,15,153.7,79.19,76.8,59.38,161.67,87.69,1,Tianjin Jinmen Tiger 1-2 Shandong Taishan,2026-04-21
Tianjin Jinmen Tiger,1.84,1.59,0.25,0.64,1.54,-0.9,0.44,0.06,0.38,1.08,1.59,-0.51,,,,,,1,2,-1,-1.25,48.8,38.31,,,42.21,0.33,1.23,169,6,11,11,33.33,8.94,11.52,3,3,11,3,8,40.4,20.81,52.53,40.62,22.7,12.31,3,Tianjin Jinmen Tiger 1-2 Shandong Taishan,2026-04-21
Chongqing Tonglianglong,0.38,1.88,-1.5,0.1,1.44,-1.34,0.28,0.45,-0.17,0.38,1.88,-1.5,,,,,,2,1,1,2.5,29.0,17.25,,,34.17,0.05,0.7,60,4,3,15,60.0,21.43,15.0,4,4,5,4,19,16.3,6.06,89.73,83.86,45.43,26.85,0,Shanghai Port 1-2 Chongqing Tonglianglong,2026-04-21
Shanghai Port,1.88,0.38,1.5,1.44,0.1,1.34,0.45,0.28,0.17,1.88,0.38,1.5,,,,,,1,2,-1,-2.5,71.0,82.75,,,53.76,0.7,0.05,396,12,15,3,21.43,60.0,7.27,4,4,38,11,9,252.8,93.94,17.27,16.14,123.77,73.15,0,Shanghai Port 1-2 Chongqing Tonglianglong,2026-04-21
Zhejiang,1.03,3.09,-2.06,0.83,2.6,-1.77,0.19,0.48,-0.29,1.03,3.09,-2.06,,,,,,0,2,-2,0.06,53.4,55.0,,,49.77,0.82,0.59,236,17,8,14,9.76,23.73,11.3,3,4,27,7,11,83.8,47.86,33.47,32.0,51.87,28.99,1,Wuhan Three Towns 2-0 Zhejiang,2026-04-21
Wuhan Three Towns,3.09,1.03,2.06,2.6,0.83,1.77,0.48,0.19,0.29,3.09,1.03,2.06,,,,,,2,0,2,-0.06,46.6,45.0,,,48.39,0.59,0.82,191,12,14,8,23.73,9.76,14.04,4,3,22,6,13,91.3,52.14,71.13,68.0,127.07,71.01,2,Wuhan Three Towns 2-0 Zhejiang,2026-04-21
Yunnan Yukun,1.82,3.76,-1.94,1.8,3.69,-1.89,0.02,0.07,-0.05,1.82,3.76,-1.94,,,,,,1,2,-1,0.94,46.2,46.57,,,48.95,0.99,1.66,198,12,16,16,16.16,9.64,14.38,1,6,26,3,11,90.7,40.06,44.27,58.81,98.5,44.16,0,Chengdu Rongcheng 2-1 Yunnan Yukun,2026-04-21
Chengdu Rongcheng,3.76,1.82,1.94,3.69,1.8,1.89,0.07,0.02,0.05,3.76,1.82,1.94,,,,,,2,1,1,-0.94,53.8,53.43,,,49.18,1.66,0.99,226,26,16,16,9.64,16.16,11.03,6,1,21,4,12,135.7,59.94,31.0,41.19,124.53,55.84,2,Chengdu Rongcheng 2-1 Yunnan Yukun,2026-04-21
Beijing Guoan,0.94,0.73,0.21,0.91,0.69,0.22,0.03,0.04,-0.01,0.94,0.73,0.21,,,,,,1,0,1,0.79,63.3,61.95,,,52.85,0.18,0.33,293,12,11,11,61.11,33.33,7.12,6,2,25,7,15,158.6,72.22,20.87,19.79,112.23,59.19,1,Shenzhen Peng City 0-1 Beijing Guoan,2026-04-21
Shenzhen Peng City,0.73,0.94,-0.21,0.69,0.91,-0.22,0.04,0.03,0.01,0.73,0.94,-0.21,,,,,,0,1,-1,-0.79,36.7,38.05,,,50.43,0.33,0.18,152,6,11,11,33.33,61.11,11.55,2,6,13,3,12,61.0,27.78,84.6,80.21,77.37,40.81,3,Shenzhen Peng City 0-1 Beijing Guoan,2026-04-21
Liaoning Tieren,2.83,3.32,-0.49,2.83,2.68,0.15,0.0,0.64,-0.64,2.83,3.32,-0.49,,,,,,1,3,-2,-1.51,53.4,56.17,,,48.34,1.26,1.53,275,14,18,19,14.29,12.42,12.75,8,3,28,4,11,81.9,49.16,31.13,41.18,30.92,11.65,0,Shanghai Shenhua 3-1 Liaoning Tieren,2026-04-18
Shanghai Shenhua,3.32,2.83,0.49,2.68,2.83,-0.15,0.64,0.0,0.64,3.32,2.83,0.49,,,,,,3,1,2,1.51,46.6,43.83,,,43.72,1.53,1.26,179,24,19,18,12.42,14.29,14.71,3,8,11,3,12,84.7,50.84,44.47,58.82,234.59,88.35,0,Shanghai Shenhua 3-1 Liaoning Tieren,2026-04-18
Henan,1.07,1.98,-0.91,1.07,1.94,-0.87,0.01,0.05,-0.04,1.07,1.98,-0.91,,,,,,1,2,-1,-0.09,41.9,32.99,,,44.12,0.3,1.32,118,8,4,19,13.33,14.39,7.7,4,7,10,2,19,32.1,16.04,70.87,73.21,41.37,31.29,3,Dalian Yingbo 2-1 Henan,2026-04-18
Dalian Yingbo,1.98,1.07,0.91,1.94,1.07,0.87,0.05,0.01,0.04,1.98,1.07,0.91,,,,,,2,1,1,0.09,58.1,67.01,,,54.27,1.32,0.3,279,25,19,4,14.39,13.33,6.45,7,4,29,6,16,168.0,83.96,25.93,26.79,90.83,68.71,2,Dalian Yingbo 2-1 Henan,2026-04-18
Tianjin Jinmen Tiger,2.11,2.43,-0.32,2.1,2.26,-0.16,0.01,0.16,-0.15,2.11,2.43,-0.32,,,,,,3,0,3,3.32,29.7,17.8,,,33.31,0.24,1.84,44,2,8,24,33.33,13.04,23.38,0,3,9,2,9,8.4,3.17,100.07,87.47,48.6,30.15,0,Yunnan Yukun 0-3 Tianjin Jinmen Tiger,2026-04-17
Yunnan Yukun,2.43,2.11,0.32,2.26,2.1,0.16,0.16,0.01,0.15,2.43,2.11,0.32,,,,,,0,3,-3,-3.32,70.3,82.2,,,55.92,1.84,0.24,362,20,24,8,13.04,33.33,10.24,3,0,43,5,12,256.3,96.83,14.33,12.53,112.57,69.85,2,Yunnan Yukun 0-3 Tianjin Jinmen Tiger,2026-04-17
Chengdu Rongcheng,1.77,1.61,0.16,0.62,1.56,-0.94,0.4,0.05,0.35,1.01,1.61,-0.6,,,,,,1,0,1,0.84,48.1,46.18,,,47.51,0.8,0.51,177,12,9,15,11.25,29.41,8.09,7,6,14,4,17,82.5,44.24,47.07,51.87,74.23,50.44,1,Wuhan Three Towns 0-1 Chengdu Rongcheng,2026-04-17
Wuhan Three Towns,1.61,1.77,-0.16,1.56,0.62,0.94,0.05,0.4,-0.35,1.61,1.01,0.6,,,,,,0,1,-1,-0.84,51.9,53.82,,,48.11,0.51,0.8,199,12,15,9,29.41,11.25,9.23,6,7,28,5,9,104.0,55.76,43.67,48.13,72.93,49.56,1,Wuhan Three Towns 0-1 Chengdu Rongcheng,2026-04-17
Beijing Guoan,1.56,1.3,0.26,1.52,1.12,0.4,0.04,0.19,-0.15,1.56,1.3,0.26,,,,,,0,0,0,-0.26,66.8,65.4,,,50.06,1.04,0.65,256,24,10,15,9.62,23.08,7.06,4,0,30,7,13,113.3,78.68,12.8,11.03,61.87,47.01,4,Zhejiang 0-0 Beijing Guoan,2026-04-17
Zhejiang,1.3,1.56,-0.26,1.12,1.52,-0.4,0.19,0.04,0.15,1.3,1.56,-0.26,,,,,,0,0,0,0.26,33.2,34.6,,,45.56,0.65,1.04,112,12,15,10,23.08,9.62,18.12,0,4,23,9,12,30.7,21.32,103.27,88.97,69.73,52.99,2,Zhejiang 0-0 Beijing Guoan,2026-04-17
Shenzhen Peng City,0.29,0.97,-0.68,0.29,0.86,-0.57,0.0,0.11,-0.11,0.29,0.97,-0.68,,,,,,0,2,-2,-1.32,32.7,33.1,,,44.74,0.18,0.59,120,2,6,12,33.33,20.34,28.26,5,1,9,1,8,33.9,18.15,166.47,93.31,71.97,50.79,2,Chongqing Tonglianglong 2-0 Shenzhen Peng City,2026-04-17
Chongqing Tonglianglong,0.97,0.29,0.68,0.86,0.29,0.57,0.11,0.0,0.11,0.97,0.29,0.68,,,,,,2,0,2,1.32,67.3,66.9,,,48.38,0.59,0.18,300,8,12,6,20.34,33.33,16.06,1,5,27,11,6,152.9,81.85,11.93,6.69,69.73,49.21,0,Chongqing Tonglianglong 2-0 Shenzhen Peng City,2026-04-17
Shanghai Port,1.37,2.04,-0.67,1.37,1.91,-0.54,0.0,0.13,-0.13,1.37,2.04,-0.67,,,,,,1,1,0,0.67,38.5,34.18,,,43.45,0.47,1.21,127,8,8,18,17.02,14.88,12.66,1,8,17,1,13,51.3,21.92,74.73,79.28,77.7,38.07,2,Shandong Taishan 1-1 Shanghai Port,2026-04-17
Shandong Taishan,2.04,1.37,0.67,1.91,1.37,0.54,0.13,0.0,0.13,2.04,1.37,0.67,,,,,,1,1,0,-0.67,61.5,65.82,,,52.33,1.21,0.47,307,23,18,8,14.88,17.02,7.78,8,1,34,4,17,182.7,78.08,19.53,20.72,126.4,61.93,1,Shandong Taishan 1-1 Shanghai Port,2026-04-17
Qingdao West Coast,0.65,1.44,-0.79,0.62,1.42,-0.8,0.03,0.02,0.01,0.65,1.44,-0.79,,,,,,0,0,0,0.79,58.6,58.22,,,50.21,0.8,0.71,212,8,8,11,10.0,15.49,7.64,5,3,16,3,10,83.8,68.19,19.47,19.6,54.03,43.66,2,Qingdao Hainiu 0-0 Qingdao West Coast,2026-04-17
Qingdao Hainiu,1.44,0.65,0.79,1.42,0.62,0.8,0.02,0.03,-0.01,1.44,0.65,0.79,,,,,,0,0,0,-0.79,41.4,41.78,,,45.23,0.71,0.8,132,8,11,8,15.49,10.0,10.03,3,5,16,4,8,39.1,31.81,79.87,80.4,69.73,56.34,4,Qingdao Hainiu 0-0 Qingdao West Coast,2026-04-17
Yunnan Yukun,2.12,3.03,-0.91,2.12,1.72,0.4,0.0,0.54,-0.54,2.12,2.27,-0.15,,,,,,4,3,1,1.91,39.3,29.41,,,45.74,0.37,0.89,123,7,14,19,37.84,21.35,11.84,2,11,10,0,13,50.6,22.45,79.8,75.86,98.83,54.46,1,Shenzhen Peng City 3-4 Yunnan Yukun,2026-04-12
Shenzhen Peng City,3.03,2.12,0.91,1.72,2.12,-0.4,0.54,0.0,0.54,2.27,2.12,0.15,,,,,,3,4,-1,-1.91,60.7,70.59,,,52.23,0.89,0.37,261,15,19,14,21.35,37.84,5.98,11,2,38,8,13,174.8,77.55,25.4,24.14,82.63,45.54,1,Shenzhen Peng City 3-4 Yunnan Yukun,2026-04-12
Chengdu Rongcheng,1.47,1.02,0.45,1.12,0.97,0.15,0.35,0.04,0.31,1.47,1.02,0.45,,,,,,2,1,1,0.55,46.9,55.81,,,51.73,0.18,1.07,200,14,12,10,66.67,9.35,8.4,7,4,26,10,18,106.0,60.06,53.13,61.54,121.47,61.94,5,Beijing Guoan 1-2 Chengdu Rongcheng,2026-04-12
Beijing Guoan,1.02,1.47,-0.45,0.97,1.12,-0.15,0.04,0.35,-0.31,1.02,1.47,-0.45,,,,,,1,2,-1,-0.55,53.1,44.19,,,47.32,1.07,0.18,193,14,10,12,9.35,66.67,7.82,4,7,14,2,13,70.5,39.94,33.2,38.46,74.63,38.06,1,Beijing Guoan 1-2 Chengdu Rongcheng,2026-04-12
Qingdao Hainiu,2.15,0.51,1.64,2.15,0.51,1.64,0.0,0.0,0.0,2.15,0.51,1.64,,,,,,1,1,0,-1.64,52.5,56.91,,,45.5,0.56,0.25,174,8,13,2,23.21,8.0,8.42,3,6,18,5,14,89.8,65.12,29.07,36.0,74.33,55.03,4,Tianjin Jinmen Tiger 1-1 Qingdao Hainiu,2026-04-12
Tianjin Jinmen Tiger,0.51,2.15,-1.64,0.51,2.15,-1.64,0.0,0.0,0.0,0.51,2.15,-1.64,,,,,,1,1,0,1.64,47.5,43.09,,,45.05,0.25,0.56,133,8,2,13,8.0,23.21,11.96,6,3,9,2,12,48.1,34.88,51.67,64.0,60.73,44.97,0,Tianjin Jinmen Tiger 1-1 Qingdao Hainiu,2026-04-12
Shanghai Port,0.32,2.04,-1.72,0.13,1.95,-1.82,0.19,0.1,0.09,0.32,2.04,-1.72,,,,,,0,1,-1,0.72,56.1,47.73,,,45.33,0.22,0.67,187,9,9,16,40.91,23.88,8.0,11,8,20,4,12,68.5,37.8,15.33,16.18,40.33,19.84,0,Shanghai Shenhua 1-0 Shanghai Port,2026-04-11
Shanghai Shenhua,2.04,0.32,1.72,1.95,0.13,1.82,0.1,0.19,-0.09,2.04,0.32,1.72,,,,,,1,0,1,-0.72,43.9,52.27,,,49.21,0.67,0.22,195,8,16,9,23.88,40.91,10.46,8,11,19,7,18,112.7,62.2,79.4,83.82,162.9,80.16,0,Shanghai Shenhua 1-0 Shanghai Port,2026-04-11
Shandong Taishan,1.45,0.74,0.71,1.45,0.74,0.71,0.0,0.0,0.0,1.45,0.74,0.71,,,,,,1,0,1,0.29,40.9,40.07,,,46.88,0.26,0.66,159,4,8,8,30.77,12.12,11.14,3,5,12,3,19,33.5,24.36,51.0,66.17,57.97,42.78,0,Henan 0-1 Shandong Taishan,2026-04-11
Henan,0.74,1.45,-0.71,0.74,1.45,-0.71,0.0,0.0,0.0,0.74,1.45,-0.71,,,,,,0,1,-1,-0.29,59.1,59.93,,,49.77,0.66,0.26,264,12,8,8,12.12,30.77,8.0,5,3,23,4,11,104.0,75.64,26.07,33.83,77.53,57.22,1,Henan 0-1 Shandong Taishan,2026-04-11
Liaoning Tieren,1.88,1.03,0.85,1.85,1.03,0.82,0.03,0.0,0.03,1.88,1.03,0.85,,,,,,1,1,0,-0.85,73.9,69.86,,,53.73,1.79,0.36,341,26,16,9,8.94,25.0,2.98,7,2,42,7,20,191.1,84.56,0.0,0.0,63.33,37.36,1,Qingdao West Coast 1-1 Liaoning Tieren,2026-04-11
Qingdao West Coast,1.03,1.88,-0.85,1.03,1.85,-0.82,0.0,0.03,-0.03,1.03,1.88,-0.85,,,,,,1,1,0,0.85,26.1,30.14,,,51.33,0.36,1.79,111,10,9,16,25.0,8.94,10.42,2,7,8,1,22,34.9,15.44,180.07,100.0,106.2,62.64,0,Qingdao West Coast 1-1 Liaoning Tieren,2026-04-11
Wuhan Three Towns,1.08,1.21,-0.13,0.33,1.17,-0.84,0.75,0.04,0.71,1.08,1.21,-0.13,,,,,,1,2,-1,-0.87,48.0,58.98,,,49.5,0.89,0.25,242,9,6,11,6.74,44.0,16.78,3,3,31,6,11,105.1,57.72,100.13,64.08,71.9,48.85,0,Chongqing Tonglianglong 2-1 Wuhan Three Towns,2026-04-11
Chongqing Tonglianglong,1.21,1.08,0.13,1.17,0.33,0.84,0.04,0.75,-0.71,1.21,1.08,0.13,,,,,,2,1,1,0.87,52.0,41.02,,,45.19,0.25,0.89,197,4,11,6,44.0,6.74,17.5,3,3,6,2,8,77.0,42.28,56.13,35.92,75.3,51.15,2,Chongqing Tonglianglong 2-1 Wuhan Three Towns,2026-04-11
Zhejiang,2.18,3.47,-1.29,2.04,3.47,-1.43,0.14,0.0,0.14,2.18,3.47,-1.29,,,,,,0,3,-3,-1.71,71.2,73.1,,,53.97,0.92,0.67,319,16,15,12,16.3,17.91,4.92,6,2,25,5,20,165.9,84.34,1.27,1.07,67.96,47.42,2,Dalian Yingbo 3-0 Zhejiang,2026-04-10
Dalian Yingbo,3.47,2.18,1.29,3.47,2.04,1.43,0.0,0.14,-0.14,3.47,2.18,1.29,,,,,,3,0,3,1.71,28.8,26.9,,,44.98,0.67,0.92,92,11,12,15,17.91,16.3,12.74,2,6,8,2,12,30.8,15.66,117.67,98.93,75.36,52.58,1,Dalian Yingbo 3-0 Zhejiang,2026-04-10
Shanghai Shenhua,2.43,2.59,-0.16,1.33,1.47,-0.14,0.34,0.36,-0.02,1.67,1.83,-0.16,,,,,,3,2,1,1.16,51.8,48.1,,,51.33,1.0,0.57,228,13,19,13,19.0,22.81,8.34,6,3,32,9,12,150.3,57.94,53.53,57.03,140.47,59.06,1,Tianjin Jinmen Tiger 2-3 Shanghai Shenhua,2026-04-05
Tianjin Jinmen Tiger,2.59,2.43,0.16,1.47,1.33,0.14,0.36,0.34,0.02,1.83,1.67,0.16,,,,,,2,3,-1,-1.16,48.2,51.9,,,51.34,0.57,1.0,220,11,13,19,22.81,19.0,10.97,3,6,25,7,9,109.1,42.06,40.33,42.97,97.37,40.94,0,Tianjin Jinmen Tiger 2-3 Shanghai Shenhua,2026-04-05
Wuhan Three Towns,1.87,2.96,-1.09,1.08,2.13,-1.05,0.03,0.83,-0.8,1.11,2.96,-1.85,,,,,,2,5,-3,-1.91,55.4,56.89,,,51.6,0.86,0.55,228,12,13,16,15.12,29.09,7.08,6,2,40,6,16,112.1,56.82,26.87,33.34,57.14,29.06,0,Shenzhen Peng City 5-2 Wuhan Three Towns,2026-04-05
Shenzhen Peng City,2.96,1.87,1.09,2.13,1.08,1.05,0.83,0.03,0.8,2.96,1.11,1.85,,,,,,5,2,3,1.91,44.6,43.11,,,50.1,0.55,0.86,167,9,16,13,29.09,15.12,10.29,2,6,12,4,10,85.2,43.18,53.73,66.66,139.47,70.94,1,Shenzhen Peng City 5-2 Wuhan Three Towns,2026-04-05
Chongqing Tonglianglong,0.94,0.77,0.17,0.88,0.72,0.16,0.06,0.05,0.01,0.94,0.77,0.17,,,,,,1,0,1,0.83,30.9,19.93,,,37.27,0.19,0.77,73,3,8,10,42.11,12.99,20.22,3,5,8,1,14,22.1,11.53,98.27,94.79,49.47,38.45,0,Zhejiang 0-1 Chongqing Tonglianglong,2026-04-05
Zhejiang,0.77,0.94,-0.17,0.72,0.88,-0.16,0.05,0.06,-0.01,0.77,0.94,-0.17,,,,,,0,1,-1,-0.83,69.1,80.07,,,52.03,0.77,0.19,339,11,10,8,12.99,42.11,6.94,5,3,25,9,9,169.5,88.47,5.4,5.21,79.2,61.55,3,Zhejiang 0-1 Chongqing Tonglianglong,2026-04-05
Yunnan Yukun,1.92,2.72,-0.8,1.67,2.72,-1.05,0.25,0.0,0.25,1.92,2.72,-0.8,,,,,,1,2,-1,-0.2,44.0,42.61,,,44.45,0.61,0.64,146,15,18,12,29.51,18.75,15.16,4,8,17,6,12,67.6,42.73,49.4,69.84,70.23,46.54,0,Shanghai Port 2-1 Yunnan Yukun,2026-04-04
Shanghai Port,2.72,1.92,0.8,2.72,1.67,1.05,0.0,0.25,-0.25,2.72,1.92,0.8,,,,,,2,1,1,0.2,56.0,57.39,,,47.6,0.64,0.61,203,9,12,18,18.75,29.51,7.56,8,4,16,4,11,90.6,57.27,21.33,30.16,80.67,53.46,0,Shanghai Port 2-1 Yunnan Yukun,2026-04-04
Dalian Yingbo,1.46,3.16,-1.7,1.07,1.67,-0.6,0.39,1.49,-1.1,1.46,3.16,-1.7,,,,,,2,1,1,2.7,30.0,29.45,,,43.44,0.2,0.94,106,2,7,18,35.0,19.15,13.08,5,2,9,6,20,14.2,7.15,130.87,94.38,85.17,59.04,1,Shandong Taishan 1-2 Dalian Yingbo,2026-04-04
Shandong Taishan,3.16,1.46,1.7,1.67,1.07,0.6,1.49,0.39,1.1,3.16,1.46,1.7,,,,,,1,2,-1,-2.7,70.0,70.55,,,51.48,0.94,0.2,328,14,18,7,19.15,35.0,5.97,2,5,29,7,19,184.5,92.85,7.8,5.62,59.1,40.96,1,Shandong Taishan 1-2 Dalian Yingbo,2026-04-04
Beijing Guoan,1.07,3.56,-2.49,1.07,2.8,-1.73,0.0,0.0,0.0,1.07,2.8,-1.73,,,,,,1,2,-1,1.49,57.3,63.31,,,52.15,1.33,0.99,276,18,11,13,8.27,13.13,7.49,4,5,20,1,14,127.2,67.52,20.47,28.43,88.33,47.43,0,Liaoning Tieren 2-1 Beijing Guoan,2026-04-04
Liaoning Tieren,3.56,1.07,2.49,2.8,1.07,1.73,0.0,0.0,0.0,2.8,1.07,1.73,,,,,,2,1,1,-1.49,42.7,36.69,,,48.83,0.99,1.33,172,14,13,11,13.13,8.27,11.75,5,4,13,3,17,61.2,32.48,51.53,71.57,97.9,52.57,2,Liaoning Tieren 2-1 Beijing Guoan,2026-04-04
Henan,1.62,1.16,0.46,0.71,1.16,-0.45,0.91,0.0,0.91,1.62,1.16,0.46,,,,,,0,1,-1,-1.46,56.8,65.75,,,49.64,0.95,0.42,246,19,18,7,18.95,16.67,6.88,10,1,36,9,8,119.5,82.3,14.6,22.6,97.57,69.43,3,Qingdao Hainiu 1-0 Henan,2026-04-04
Qingdao Hainiu,1.16,1.62,-0.46,1.16,0.71,0.45,0.0,0.91,-0.91,1.16,1.62,-0.46,,,,,,1,0,1,1.46,43.2,34.25,,,42.8,0.42,0.95,126,10,7,18,16.67,18.95,18.48,1,10,14,4,14,25.7,17.7,50.0,77.4,42.97,30.57,0,Qingdao Hainiu 1-0 Henan,2026-04-04
Qingdao West Coast,0.95,3.1,-2.15,0.91,2.32,-1.41,0.04,0.02,0.02,0.95,2.34,-1.39,,,,,,1,5,-4,-1.85,48.2,43.19,,,46.72,0.33,0.3,166,9,9,14,27.27,46.67,9.31,5,7,15,3,18,62.4,32.58,39.8,61.54,44.35,18.65,0,Chengdu Rongcheng 5-1 Qingdao West Coast,2026-04-03
Chengdu Rongcheng,3.1,0.95,2.15,2.32,0.91,1.41,0.02,0.04,-0.02,2.34,0.95,1.39,,,,,,5,1,4,1.85,51.8,56.81,,,47.05,0.3,0.33,187,10,14,9,46.67,27.27,7.95,7,5,19,6,14,129.1,67.42,24.87,38.46,193.51,81.35,2,Chengdu Rongcheng 5-1 Qingdao West Coast,2026-04-03
Shandong Taishan,1.33,1.71,-0.38,1.33,1.65,-0.32,0.0,0.06,-0.06,1.33,1.71,-0.38,,,,,,0,4,-4,-3.62,51.4,50.38,,,46.9,0.67,0.59,169,12,6,17,8.96,28.81,7.73,6,5,15,5,19,38.8,30.31,24.67,28.77,12.68,5.23,0,Yunnan Yukun 4-0 Shandong Taishan,2026-03-21
Yunnan Yukun,1.71,1.33,0.38,1.65,1.33,0.32,0.06,0.0,0.06,1.71,1.33,0.38,,,,,,4,0,4,3.62,48.6,49.62,,,48.42,0.59,0.67,169,12,17,6,28.81,8.96,11.69,5,6,18,10,8,89.2,69.69,61.07,71.23,229.73,94.77,0,Yunnan Yukun 4-0 Shandong Taishan,2026-03-21
Shenzhen Peng City,0.96,1.6,-0.64,0.77,1.22,-0.45,0.18,0.38,-0.2,0.96,1.6,-0.64,,,,,,0,1,-1,-0.36,51.7,42.69,,,47.36,0.46,0.59,169,10,11,15,23.91,25.42,7.56,3,7,25,6,21,60.0,34.05,38.67,52.3,68.6,35.58,4,Qingdao West Coast 1-0 Shenzhen Peng City,2026-03-21
Qingdao West Coast,1.6,0.96,0.64,1.22,0.77,0.45,0.38,0.18,0.2,1.6,0.96,0.64,,,,,,1,0,1,0.36,48.3,57.31,,,52.27,0.59,0.46,207,14,15,11,25.42,23.91,9.36,7,3,21,8,12,116.2,65.95,35.27,47.7,124.2,64.42,0,Qingdao West Coast 1-0 Shenzhen Peng City,2026-03-21
Chengdu Rongcheng,3.12,1.95,1.17,0.86,1.95,-1.09,1.51,0.0,1.51,2.36,1.95,0.41,,,,,,3,3,0,-1.17,41.5,54.89,,,49.51,0.48,0.46,182,13,12,7,25.0,15.22,14.27,5,1,18,8,10,90.1,58.81,101.07,91.27,163.97,90.57,1,Chongqing Tonglianglong 3-3 Chengdu Rongcheng,2026-03-21
Chongqing Tonglianglong,1.95,3.12,-1.17,1.95,0.86,1.09,0.0,1.51,-1.51,1.95,2.36,-0.41,,,,,,3,3,0,1.17,58.5,45.11,,,42.6,0.46,0.48,186,8,7,12,15.22,25.0,10.81,1,5,16,7,14,63.1,41.19,9.67,8.73,17.07,9.43,1,Chongqing Tonglianglong 3-3 Chengdu Rongcheng,2026-03-21
Wuhan Three Towns,1.54,2.38,-0.84,1.4,1.33,0.07,0.13,1.05,-0.92,1.54,2.38,-0.84,,,,,,1,1,0,0.84,34.9,27.82,,,44.13,0.17,1.64,98,4,7,19,41.18,11.59,20.41,1,5,16,6,7,22.0,10.93,77.0,91.09,38.73,22.82,0,Henan 1-1 Wuhan Three Towns,2026-03-21
Henan,2.38,1.54,0.84,1.33,1.4,-0.07,1.05,0.13,0.92,2.38,1.54,0.84,,,,,,1,1,0,-0.84,65.1,72.18,,,53.7,1.64,0.17,263,24,19,7,11.59,41.18,8.26,5,1,36,13,13,179.2,89.07,7.53,8.91,130.97,77.18,6,Henan 1-1 Wuhan Three Towns,2026-03-21
Tianjin Jinmen Tiger,1.45,2.52,-1.07,1.34,1.72,-0.38,0.11,0.04,0.07,1.45,1.76,-0.31,,,,,,0,3,-3,-1.93,39.9,51.36,,,48.97,0.47,0.55,150,15,10,15,21.28,27.27,15.07,4,3,25,9,11,65.6,43.97,80.0,80.43,80.6,52.08,2,Liaoning Tieren 3-0 Tianjin Jinmen Tiger,2026-03-21
Liaoning Tieren,2.52,1.45,1.07,1.72,1.34,0.38,0.04,0.11,-0.07,1.76,1.45,0.31,,,,,,3,0,3,1.93,60.1,48.64,,,43.91,0.55,0.47,183,14,15,10,27.27,21.28,7.0,3,4,20,6,11,83.6,56.03,19.47,19.57,74.17,47.92,1,Liaoning Tieren 3-0 Tianjin Jinmen Tiger,2026-03-21
Shanghai Shenhua,0.94,0.87,0.07,0.67,0.4,0.27,0.27,0.47,-0.2,0.94,0.87,0.07,,,,,,1,1,0,-0.07,52.2,43.93,,,49.37,0.46,0.6,179,6,6,12,13.04,20.0,7.39,5,2,13,4,16,58.6,29.69,22.93,42.36,39.3,21.7,0,Beijing Guoan 1-1 Shanghai Shenhua,2026-03-21
Beijing Guoan,0.87,0.94,-0.07,0.4,0.67,-0.27,0.47,0.27,0.2,0.87,0.94,-0.07,,,,,,1,1,0,0.07,47.8,56.07,,,52.47,0.6,0.46,177,17,12,6,20.0,13.04,9.84,2,5,32,9,13,138.8,70.31,31.2,57.64,141.77,78.3,1,Beijing Guoan 1-1 Shanghai Shenhua,2026-03-21
Zhejiang,4.25,2.31,1.94,4.05,2.13,1.92,0.2,0.19,0.01,4.25,2.31,1.94,,,,,,4,1,3,1.06,56.3,50.84,,,47.99,1.46,1.09,227,19,15,14,10.27,12.84,6.4,8,7,18,5,17,88.0,47.59,15.13,13.32,73.73,33.91,4,Qingdao Hainiu 1-4 Zhejiang,2026-03-20
Qingdao Hainiu,2.31,4.25,-1.94,2.13,4.05,-1.92,0.19,0.2,-0.01,2.31,4.25,-1.94,,,,,,1,4,-3,-1.06,43.7,49.16,,,48.93,1.09,1.46,173,17,14,15,12.84,10.27,10.44,7,8,21,7,17,96.9,52.41,98.47,86.68,143.67,66.09,2,Qingdao Hainiu 1-4 Zhejiang,2026-03-20
Shanghai Port,0.45,1.89,-1.44,0.4,1.73,-1.33,0.05,0.16,-0.11,0.45,1.89,-1.44,,,,,,0,1,-1,0.44,66.9,59.6,,,48.42,0.56,0.66,258,10,8,10,14.29,15.15,7.1,5,5,24,6,11,105.6,61.22,18.53,15.33,61.47,34.09,0,Dalian Yingbo 1-0 Shanghai Port,2026-03-20
Dalian Yingbo,1.89,0.45,1.44,1.73,0.4,1.33,0.16,0.05,0.11,1.89,0.45,1.44,,,,,,1,0,1,-0.44,33.1,40.4,,,47.01,0.66,0.56,133,9,10,8,15.15,14.29,12.24,5,5,16,6,13,66.9,38.78,102.33,84.67,118.87,65.91,0,Dalian Yingbo 1-0 Shanghai Port,2026-03-20
Qingdao Hainiu,0.73,3.19,-2.46,0.4,2.24,-1.84,0.33,0.95,-0.62,0.73,3.19,-2.46,,,,,,0,1,-1,1.46,40.7,44.84,,,47.55,0.18,1.46,180,6,11,16,61.11,10.96,11.44,6,3,24,8,18,49.4,25.49,72.53,84.28,60.97,36.96,2,Chengdu Rongcheng 1-0 Qingdao Hainiu,2026-03-15
Chengdu Rongcheng,3.19,0.73,2.46,2.24,0.4,1.84,0.95,0.33,0.62,3.19,0.73,2.46,,,,,,1,0,1,-1.46,59.3,55.16,,,46.69,1.46,0.18,217,21,16,11,10.96,61.11,7.89,3,6,19,3,11,144.4,74.51,13.53,15.72,103.97,63.04,0,Chengdu Rongcheng 1-0 Qingdao Hainiu,2026-03-15
Qingdao West Coast,2.05,3.54,-1.49,1.9,3.26,-1.36,0.14,0.29,-0.15,2.05,3.54,-1.49,,,,,,1,4,-3,-1.51,32.7,28.27,,,46.53,0.74,1.3,113,13,16,16,21.62,12.31,14.75,4,2,13,7,9,61.7,23.99,82.6,88.69,85.16,24.46,1,Shanghai Port 4-1 Qingdao West Coast,2026-03-15
Shanghai Port,3.54,2.05,1.49,3.26,1.9,1.36,0.29,0.14,0.15,3.54,2.05,1.49,,,,,,4,1,3,1.51,67.3,71.73,,,51.65,1.3,0.74,297,15,16,16,12.31,21.62,7.03,2,4,31,12,20,195.5,76.01,10.53,11.31,263.0,75.54,2,Shanghai Port 4-1 Qingdao West Coast,2026-03-15
Yunnan Yukun,1.37,3.28,-1.91,1.02,2.67,-1.65,0.35,0.62,-0.27,1.37,3.28,-1.91,,,,,,1,2,-1,0.91,54.7,49.48,,,46.14,0.85,1.22,199,12,20,16,23.53,13.11,8.79,5,4,22,6,14,96.0,53.9,8.93,11.52,61.03,38.33,2,Henan 2-1 Yunnan Yukun,2026-03-15
Henan,3.28,1.37,1.91,2.67,1.02,1.65,0.62,0.35,0.27,3.28,1.37,1.91,,,,,,2,1,1,-0.91,45.3,50.52,,,49.11,1.22,0.85,185,14,16,20,13.11,23.53,11.53,4,5,20,4,7,82.1,46.1,68.6,88.48,98.2,61.67,4,Henan 2-1 Yunnan Yukun,2026-03-15
Tianjin Jinmen Tiger,0.44,2.33,-1.89,0.42,2.22,-1.8,0.02,0.11,-0.09,0.44,2.33,-1.89,,,,,,0,1,-1,0.89,51.4,44.6,,,45.63,0.4,1.02,152,9,9,16,22.5,15.69,10.0,4,6,20,5,8,60.1,31.37,36.33,43.77,54.23,28.32,0,Shenzhen Peng City 1-0 Tianjin Jinmen Tiger,2026-03-14
Shenzhen Peng City,2.33,0.44,1.89,2.22,0.42,1.8,0.11,0.02,0.09,2.33,0.44,1.89,,,,,,1,0,1,-0.89,48.6,55.4,,,50.71,1.02,0.4,195,11,16,9,15.69,22.5,9.5,6,4,26,4,15,131.5,68.63,46.67,56.23,137.27,71.68,0,Shenzhen Peng City 1-0 Tianjin Jinmen Tiger,2026-03-14
Liaoning Tieren,1.2,1.64,-0.44,1.16,1.61,-0.45,0.04,0.04,0.0,1.2,1.64,-0.44,,,,,,0,1,-1,-0.56,41.2,32.33,,,43.9,0.41,0.79,151,5,7,18,17.07,22.78,18.84,1,3,10,2,12,24.2,11.79,79.33,66.22,39.37,18.28,0,Chongqing Tonglianglong 1-0 Liaoning Tieren,2026-03-14
Chongqing Tonglianglong,1.64,1.2,0.44,1.61,1.16,0.45,0.04,0.04,0.0,1.64,1.2,0.44,,,,,,1,0,1,0.56,58.8,67.67,,,51.63,0.79,0.41,353,14,18,7,22.78,17.07,10.91,3,1,16,6,17,181.0,88.21,40.47,33.78,176.0,81.72,1,Chongqing Tonglianglong 1-0 Liaoning Tieren,2026-03-14
Shanghai Shenhua,2.34,2.5,-0.16,2.22,1.64,0.58,0.12,0.86,-0.74,2.34,2.5,-0.16,,,,,,1,1,0,0.16,36.9,33.11,,,44.95,0.71,0.57,122,16,19,21,26.76,36.84,9.74,5,5,20,6,23,62.5,27.5,75.47,87.89,92.13,51.33,0,Zhejiang 1-1 Shanghai Shenhua,2026-03-14
Zhejiang,2.5,2.34,0.16,1.64,2.22,-0.58,0.86,0.12,0.74,2.5,2.34,0.16,,,,,,1,1,0,-0.16,63.1,66.89,,,52.49,0.57,0.71,291,22,21,19,36.84,26.76,5.98,5,5,29,10,17,164.8,72.5,10.4,12.11,87.37,48.67,2,Zhejiang 1-1 Shanghai Shenhua,2026-03-14
Beijing Guoan,1.21,1.35,-0.14,1.1,1.31,-0.21,0.11,0.05,0.06,1.21,1.35,-0.14,,,,,,1,2,-1,-0.86,53.6,60.49,,,50.77,0.46,0.39,245,13,8,9,17.39,23.08,7.24,8,7,29,4,14,74.6,56.95,44.33,46.02,83.43,48.84,5,Shandong Taishan 2-1 Beijing Guoan,2026-03-14
Shandong Taishan,1.35,1.21,0.14,1.31,1.1,0.21,0.05,0.11,-0.06,1.35,1.21,0.14,,,,,,2,1,1,0.86,46.4,39.51,,,47.13,0.39,0.46,194,11,9,8,23.08,17.39,7.49,7,8,10,5,17,56.4,43.05,52.0,53.98,87.4,51.16,1,Shandong Taishan 2-1 Beijing Guoan,2026-03-14
Dalian Yingbo,2.43,1.08,1.35,1.51,1.05,0.46,0.16,0.04,0.12,1.67,1.08,0.59,,,,,,1,4,-3,-4.35,57.0,59.17,,,51.58,1.15,0.38,207,21,11,10,9.57,26.32,4.96,13,7,14,4,17,97.5,64.66,15.53,22.84,64.09,35.57,1,Wuhan Three Towns 4-1 Dalian Yingbo,2026-03-13
Wuhan Three Towns,1.08,2.43,-1.35,1.05,1.51,-0.46,0.04,0.16,-0.12,1.08,1.67,-0.59,,,,,,4,1,3,4.35,43.0,40.83,,,47.51,0.38,1.15,123,7,10,11,26.32,9.57,8.62,7,13,17,4,12,53.3,35.34,52.47,77.16,116.07,64.43,0,Wuhan Three Towns 4-1 Dalian Yingbo,2026-03-13
Beijing Guoan,2.26,0.7,1.56,1.09,0.57,0.52,1.16,0.13,1.03,2.26,0.7,1.56,,,,,,2,0,2,0.44,66.4,70.08,,,52.25,0.83,0.44,318,28,16,10,19.28,22.73,7.75,7,6,33,10,14,229.7,78.66,9.4,10.43,175.43,80.96,1,Wuhan Three Towns 0-2 Beijing Guoan,2026-03-08
Wuhan Three Towns,0.7,2.26,-1.56,0.57,1.09,-0.52,0.13,1.16,-1.03,0.7,2.26,-1.56,,,,,,0,2,-2,-0.44,33.6,29.92,,,44.44,0.44,0.83,126,6,10,16,22.73,19.28,15.0,6,7,21,5,11,62.3,21.34,80.73,89.57,41.27,19.04,0,Wuhan Three Towns 0-2 Beijing Guoan,2026-03-08
Qingdao West Coast,1.26,1.7,-0.44,0.5,1.55,-1.05,0.0,0.15,-0.15,0.5,1.7,-1.2,,,,,,0,2,-2,-1.56,41.4,43.85,,,46.74,0.15,0.63,160,6,11,13,73.33,20.63,10.79,2,7,14,3,13,73.7,37.47,104.93,83.68,76.4,38.71,2,Zhejiang 2-0 Qingdao West Coast,2026-03-08
Zhejiang,1.7,1.26,0.44,1.55,0.5,1.05,0.15,0.0,0.15,1.7,0.5,1.2,,,,,,2,0,2,1.56,58.6,56.15,,,49.0,0.63,0.15,281,13,13,11,20.63,73.33,5.98,7,2,15,5,21,123.0,62.53,20.47,16.32,120.97,61.29,2,Zhejiang 2-0 Qingdao West Coast,2026-03-08
Qingdao Hainiu,1.51,1.91,-0.4,1.45,1.56,-0.11,0.07,0.35,-0.28,1.51,1.91,-0.4,,,,,,1,3,-2,-1.6,50.7,45.83,,,41.06,0.31,1.06,132,4,15,15,48.39,14.15,10.73,2,6,14,3,13,64.0,42.92,32.4,33.06,31.48,14.49,1,Yunnan Yukun 3-1 Qingdao Hainiu,2026-03-07
Yunnan Yukun,1.91,1.51,0.4,1.56,1.45,0.11,0.35,0.07,0.28,1.91,1.51,0.4,,,,,,3,1,2,1.6,49.3,54.17,,,46.93,1.06,0.31,165,12,15,15,14.15,48.39,11.74,6,2,17,5,9,85.1,57.08,65.6,66.94,185.74,85.51,2,Yunnan Yukun 3-1 Qingdao Hainiu,2026-03-07
Henan,2.98,2.87,0.11,2.62,2.64,-0.02,0.36,0.23,0.13,2.98,2.87,0.11,,,,,,2,1,1,0.89,35.5,32.24,,,44.12,0.76,1.24,129,15,10,23,13.16,18.55,10.35,9,9,12,6,10,42.9,15.94,83.2,89.59,81.8,46.35,3,Shanghai Port 1-2 Henan,2026-03-07
Shanghai Port,2.87,2.98,-0.11,2.64,2.62,0.02,0.23,0.36,-0.13,2.87,2.98,-0.11,,,,,,1,2,-1,-0.89,64.5,67.76,,,51.45,1.24,0.76,302,19,23,10,18.55,13.16,7.63,9,9,44,11,14,226.2,84.06,9.67,10.41,94.67,53.65,0,Shanghai Port 1-2 Henan,2026-03-07
Dalian Yingbo,1.96,4.58,-2.62,1.21,4.37,-3.16,0.75,0.22,0.53,1.96,4.58,-2.62,,,,,,3,5,-2,0.62,32.0,30.88,,,49.32,0.25,1.34,152,11,12,21,48.0,15.67,20.57,1,5,17,6,8,33.8,12.64,103.53,91.14,39.47,13.28,2,Shanghai Shenhua 5-3 Dalian Yingbo,2026-03-07
Shanghai Shenhua,4.58,1.96,2.62,4.37,1.21,3.16,0.22,0.75,-0.53,4.58,1.96,2.62,,,,,,5,3,2,-0.62,68.0,69.12,,,51.9,1.34,0.25,338,12,21,12,15.67,48.0,8.7,5,1,25,10,15,233.6,87.36,10.07,8.86,257.66,86.72,0,Shanghai Shenhua 5-3 Dalian Yingbo,2026-03-07
Liaoning Tieren,1.76,3.53,-1.77,1.6,1.99,-0.39,0.16,0.78,-0.62,1.76,2.77,-1.01,,,,,,0,3,-3,-1.23,64.9,59.26,,,51.5,0.46,0.39,329,9,12,20,26.09,51.28,6.83,1,3,25,3,10,111.8,48.99,5.27,4.63,38.06,12.34,1,Shandong Taishan 3-0 Liaoning Tieren,2026-03-07
Shandong Taishan,3.53,1.76,1.77,1.99,1.6,0.39,0.78,0.16,0.62,2.77,1.76,1.01,,,,,,3,0,3,1.23,35.1,40.74,,,51.78,0.39,0.46,182,13,20,12,51.28,26.09,14.0,3,1,14,9,24,116.4,51.01,108.67,95.37,270.48,87.66,1,Shandong Taishan 3-0 Liaoning Tieren,2026-03-07
Chongqing Tonglianglong,0.39,1.08,-0.69,0.15,0.79,-0.64,0.25,0.3,-0.05,0.39,1.08,-0.69,,,,,,0,0,0,0.69,49.7,56.16,,,50.58,0.31,0.66,266,6,5,7,16.13,10.61,12.34,3,2,19,4,13,98.3,66.37,84.6,55.46,98.37,74.77,2,Tianjin Jinmen Tiger 0-0 Chongqing Tonglianglong,2026-03-07
Tianjin Jinmen Tiger,1.08,0.39,0.69,0.79,0.15,0.64,0.3,0.25,0.05,1.08,0.39,0.69,,,,,,0,0,0,-0.69,50.3,43.84,,,46.1,0.66,0.31,221,8,7,5,10.61,16.13,13.77,2,3,23,2,15,49.8,33.63,67.93,44.54,33.2,25.23,0,Tianjin Jinmen Tiger 0-0 Chongqing Tonglianglong,2026-03-07
Shenzhen Peng City,0.82,4.64,-3.82,0.82,3.74,-2.92,0.0,0.89,-0.89,0.82,4.64,-3.82,,,,,,1,5,-4,-0.18,22.1,15.2,,,43.16,0.04,1.98,74,4,6,29,150.0,14.65,22.11,2,1,6,4,6,10.2,2.21,169.2,98.56,12.98,2.35,1,Chengdu Rongcheng 5-1 Shenzhen Peng City,2026-03-06
Chengdu Rongcheng,4.64,0.82,3.82,3.74,0.82,2.92,0.89,0.0,0.89,4.64,0.82,3.82,,,,,,5,1,4,0.18,77.9,84.8,,,59.8,1.98,0.04,509,30,29,6,14.65,150.0,8.19,1,2,45,14,7,450.5,97.79,2.47,1.44,538.75,97.65,0,Chengdu Rongcheng 5-1 Shenzhen Peng City,2026-03-06
